Index,Player Name,Team,Salary,Position,Age,GP,MP,FG,FG%,3P,3P%,2P,2P%,eFG%,FT,FT%,TRB,AST,STL,BLK,TOV,FOUL,PTS,PER,TS%,USG%,WS,BPM,VORP
0,Stephen Curry,GSW,48070014,PG,34,56,34.7,10.0,0.493,4.9,0.427,5.1,0.579,0.614,4.6,0.915,6.1,6.3,0.9,0.4,3.2,2.1,29.4,24.1,0.656,31.0,7.8,7.5,4.7
1,John Wall,LAC,47345760,PG,32,34,22.2,4.1,0.408,1.0,0.303,3.1,0.459,0.457,2.3,0.681,2.7,5.2,0.8,0.4,2.4,1.7,11.4,13.6,0.498,27.0,0.3,-1.2,0.1
2,Russell Westbrook,LAL/LAC,47080179,PG,34,73,29.1,5.9,0.436,1.2,0.311,4.7,0.487,0.481,2.8,0.656,5.8,7.5,1.0,0.5,3.5,2.2,15.9,16.1,0.513,27.7,1.9,0.2,1.2
3,LeBron James,LAL,44474988,PF,38,55,35.5,11.1,0.5,2.2,0.321,8.9,0.58,0.549,4.6,0.768,8.3,6.8,0.9,0.6,3.2,1.6,28.9,23.9,0.583,33.3,5.6,6.1,4.0
4,Kevin Durant,BRK/PHO,44119845,PF,34,47,35.6,10.3,0.56,2.0,0.404,8.3,0.617,0.614,6.5,0.919,6.7,5.0,0.7,1.4,3.3,2.1,29.1,25.9,0.677,30.7,6.8,7.1,3.9
5,Bradley Beal,WAS,43279250,SG,29,50,33.5,8.9,0.506,1.6,0.365,7.3,0.552,0.551,3.8,0.842,3.9,5.4,0.9,0.7,2.9,2.1,23.2,19.7,0.593,29.2,3.4,1.8,1.6
6,Kawhi Leonard,LAC,42492492,SF,31,52,33.6,8.6,0.512,2.0,0.416,6.6,0.551,0.572,4.7,0.871,6.5,3.9,1.4,0.5,1.7,1.6,23.8,23.9,0.623,27.0,7.1,6.1,3.5
7,Paul George,LAC,42492492,SF,32,56,34.6,8.2,0.457,2.8,0.371,5.4,0.521,0.536,4.6,0.871,6.1,5.1,1.5,0.4,3.1,2.8,23.8,19.6,0.588,29.5,4.6,2.8,2.3
8,Giannis Antetokounmpo,MIL,42492492,PF,28,63,32.1,11.2,0.553,0.7,0.275,10.5,0.596,0.572,7.9,0.645,11.8,5.7,0.8,0.8,3.9,3.1,31.1,29.0,0.605,38.8,8.6,8.5,5.4
9,Damian Lillard,POR,42492492,PG,32,58,36.3,9.6,0.463,4.2,0.371,5.4,0.574,0.564,8.8,0.914,4.8,7.3,0.9,0.3,3.3,1.9,32.2,26.7,0.645,33.8,9.0,7.1,4.9
10,Klay Thompson,GSW,40600080,SF,32,69,33.0,7.9,0.436,4.4,0.412,3.6,0.47,0.556,1.7,0.879,4.1,2.4,0.7,0.4,1.8,1.9,21.9,14.7,0.576,26.4,3.1,-0.3,1.0
11,Kyrie Irving,BRK/DAL,38917057,PG-SG,30,60,37.4,9.9,0.494,3.1,0.379,6.8,0.574,0.572,4.1,0.905,5.1,5.5,1.1,0.8,2.1,2.8,27.1,22.4,0.613,28.9,7.4,4.1,3.5
12,Rudy Gobert,MIN,38172414,C,30,70,30.7,5.1,0.659,0.0,0.0,5.1,0.663,0.659,3.1,0.644,11.6,1.2,0.8,1.4,1.7,3.0,13.4,18.9,0.675,16.3,7.8,0.7,1.4
13,Khris Middleton,MIL,37984276,SF,31,33,24.3,5.4,0.436,1.5,0.315,3.8,0.516,0.499,2.8,0.902,4.2,4.9,0.7,0.2,2.2,2.1,15.1,17.4,0.551,27.4,1.9,0.8,0.6
14,Anthony Davis,LAL,37980720,C,29,56,34.0,9.7,0.563,0.3,0.257,9.3,0.589,0.573,6.2,0.784,12.5,2.6,1.1,2.0,2.2,2.6,25.9,27.8,0.627,28.4,9.0,6.3,4.0
15,Jimmy Butler,MIA,37653300,PF,33,64,33.4,7.5,0.539,0.6,0.35,6.9,0.564,0.56,7.4,0.85,5.9,5.3,1.8,0.3,1.6,1.3,22.9,27.6,0.647,25.6,12.3,8.7,5.8
16,Tobias Harris,PHI,37633050,SF,30,74,32.9,5.7,0.501,1.7,0.389,4.0,0.57,0.575,1.5,0.876,5.7,2.5,0.9,0.5,1.2,2.0,14.7,14.8,0.602,18.2,5.9,0.7,1.7
17,Kemba Walker,DAL,37281261,PG,32,9,16.0,2.7,0.421,0.8,0.25,1.9,0.586,0.482,1.9,0.81,1.8,2.1,0.2,0.2,0.4,1.2,8.0,15.0,0.543,22.1,0.3,-0.3,0.1
18,Trae Young,ATL,37096500,PG,24,73,34.8,8.2,0.429,2.1,0.335,6.1,0.476,0.485,7.8,0.886,3.0,10.2,1.1,0.1,4.1,1.4,26.2,22.0,0.573,32.6,6.7,3.3,3.4
19,Zach LaVine,CHI,37096500,SG,27,77,35.9,8.7,0.485,2.6,0.375,6.1,0.556,0.558,4.7,0.848,4.5,4.2,0.9,0.2,2.5,2.1,24.8,19.0,0.607,28.3,7.1,1.9,2.7
20,Ben Simmons,BRK,35448672,PG,26,42,26.3,3.2,0.566,0.0,0.0,3.2,0.571,0.566,0.6,0.439,6.3,6.1,1.3,0.6,2.3,3.3,6.9,13.4,0.559,14.3,2.2,0.4,0.7
21,Pascal Siakam,TOR,35448672,PF,28,71,37.4,8.9,0.48,1.3,0.324,7.6,0.523,0.515,5.2,0.774,7.8,5.8,0.9,0.5,2.4,3.2,24.2,20.3,0.565,27.2,7.8,3.1,3.4
22,Myles Turner,IND,35096500,C,26,62,29.4,6.5,0.548,1.5,0.373,5.0,0.638,0.612,3.5,0.783,7.5,1.4,0.6,2.3,1.7,3.5,18.0,20.0,0.651,22.0,5.4,2.1,1.9
23,Jrue Holiday,MIL,34319520,PG,32,67,32.6,7.3,0.479,2.4,0.384,5.0,0.542,0.556,2.3,0.859,5.1,7.4,1.2,0.4,2.9,1.7,19.3,19.2,0.586,25.0,6.7,3.1,2.8
24,Karl-Anthony Towns,MIN,33833400,PF,27,29,33.0,7.3,0.495,2.1,0.366,5.2,0.576,0.565,4.1,0.874,8.1,4.8,0.7,0.6,3.0,3.8,20.8,18.8,0.618,25.6,2.7,3.0,1.2
25,Devin Booker,PHO,33833400,SG,26,53,34.6,9.9,0.494,2.1,0.351,7.8,0.554,0.546,5.8,0.855,4.5,5.5,1.0,0.3,2.7,3.0,27.8,22.0,0.601,31.8,6.0,4.2,2.9
26,Andrew Wiggins,GSW,33616770,SF,27,37,32.2,6.8,0.473,2.4,0.396,4.4,0.53,0.557,1.2,0.611,5.0,2.3,1.2,0.8,1.3,2.9,17.1,14.7,0.564,21.5,2.3,-0.5,0.5
27,Joel Embiid,PHI,33616770,C,28,66,34.6,11.0,0.548,1.0,0.33,10.0,0.587,0.573,10.0,0.857,10.2,4.2,1.0,1.7,3.4,3.1,33.1,31.4,0.655,37.0,12.3,9.2,6.4
28,CJ McCollum,NOP,33333333,SG,31,75,35.3,7.8,0.437,2.8,0.389,5.0,0.469,0.515,2.4,0.769,4.4,5.7,0.9,0.5,2.4,2.0,20.9,15.6,0.541,26.4,4.3,0.8,1.9
29,James Harden,PHI,33000000,PG,33,58,36.8,6.4,0.441,2.8,0.385,3.6,0.495,0.536,5.4,0.867,6.1,10.7,1.2,0.5,3.4,1.9,21.0,21.6,0.607,25.0,8.4,5.4,4.0
30,Jamal Murray,DEN,31650600,PG,25,65,32.8,7.3,0.454,2.6,0.398,4.6,0.494,0.537,2.8,0.833,4.0,6.2,1.0,0.2,2.2,1.6,20.0,18.0,0.571,26.1,5.1,1.3,1.8
31,Brandon Ingram,NOP,31650600,SF,25,45,34.2,9.0,0.484,1.4,0.39,7.6,0.507,0.522,5.3,0.882,5.5,5.8,0.7,0.4,3.3,2.6,24.7,19.2,0.582,30.8,3.5,1.7,1.4
32,D'Angelo Russell,LAL/MIN,31377750,PG,26,71,32.5,6.3,0.469,2.7,0.396,3.5,0.548,0.572,2.5,0.829,3.0,6.2,1.0,0.4,2.6,2.0,17.8,16.3,0.605,22.7,5.1,1.5,2.0
33,Donovan Mitchell,CLE,30913750,SG,26,68,35.8,10.0,0.484,3.6,0.386,6.4,0.566,0.572,4.7,0.867,4.3,4.4,1.5,0.4,2.6,2.5,28.3,22.9,0.614,32.1,8.9,6.3,5.0
34,Shai Gilgeous-Alexander,OKC,30913750,PG,24,68,35.5,10.4,0.51,0.9,0.345,9.5,0.533,0.531,9.8,0.905,4.8,5.5,1.6,1.0,2.8,2.8,31.4,27.2,0.626,32.8,11.4,7.3,5.6
35,Deandre Ayton,PHO,30913750,C,24,67,30.4,7.8,0.589,0.1,0.292,7.7,0.597,0.592,2.3,0.76,10.0,1.7,0.6,0.8,1.8,2.8,18.0,19.9,0.617,22.9,6.2,0.9,1.5
36,Kevin Love,CLE/MIA,30556968,PF,34,62,20.0,2.7,0.389,1.6,0.334,1.1,0.516,0.506,1.3,0.879,6.4,1.9,0.3,0.2,1.1,1.6,8.2,13.1,0.548,19.2,2.6,0.6,0.8
37,Jayson Tatum,BOS,30351780,SF,24,74,36.9,9.8,0.466,3.2,0.35,6.6,0.558,0.543,7.2,0.854,8.8,4.6,1.1,0.7,2.9,2.2,30.1,23.7,0.607,32.7,10.5,5.5,5.1
38,Bam Adebayo,MIA,30351780,C,25,75,34.6,8.0,0.54,0.0,0.083,8.0,0.545,0.541,4.3,0.806,9.2,3.2,1.2,0.8,2.5,2.8,20.4,20.1,0.592,25.2,7.4,1.5,2.3
39,De'Aaron Fox,SAC,30351780,PG,25,73,33.4,9.3,0.512,1.6,0.324,7.7,0.584,0.557,4.7,0.78,4.2,6.1,1.1,0.3,2.5,2.4,25.0,21.8,0.599,30.1,7.4,2.5,2.7
40,Gordon Hayward,CHO,30075000,SF,32,50,31.5,5.5,0.475,1.0,0.325,4.5,0.532,0.52,2.6,0.811,4.3,4.1,0.8,0.2,2.0,1.4,14.7,13.5,0.563,20.0,2.0,-1.4,0.2
41,Jaylen Brown,BOS,29776785,SF,26,67,35.9,10.1,0.491,2.4,0.335,7.7,0.576,0.55,3.9,0.765,6.9,3.5,1.1,0.4,2.9,2.6,26.6,19.1,0.581,31.4,5.0,1.3,2.0
42,Chris Paul,PHO,28400000,PG,37,59,32.0,5.0,0.44,1.7,0.375,3.3,0.482,0.513,2.3,0.831,4.3,8.9,1.5,0.4,1.9,2.1,13.9,17.7,0.555,19.2,6.2,3.2,2.5
43,Kyle Lowry,MIA,28333334,PG,36,55,31.2,3.6,0.404,1.9,0.345,1.6,0.509,0.514,2.1,0.859,4.1,5.1,1.0,0.4,1.9,2.6,11.2,12.6,0.565,16.7,3.4,0.2,0.9
44,Jalen Brunson,NYK,27733332,PG,26,68,35.0,8.6,0.491,2.0,0.416,6.7,0.519,0.547,4.8,0.829,3.5,6.2,0.9,0.2,2.1,2.2,24.0,21.2,0.597,27.2,8.7,3.9,3.5
45,DeMar DeRozan,CHI,27300000,SF,33,74,36.2,8.9,0.504,0.6,0.324,8.3,0.526,0.522,6.2,0.872,4.6,5.1,1.1,0.5,2.1,2.5,24.5,20.6,0.592,27.8,8.5,2.0,2.6
46,Al Horford,BOS,26500000,C,36,63,30.5,3.6,0.476,2.3,0.446,1.3,0.539,0.627,0.2,0.714,6.2,3.0,0.5,1.0,0.6,1.9,9.8,13.8,0.631,11.9,6.3,3.3,2.5
47,Draymond Green,GSW,25806468,PF,32,73,31.5,3.4,0.527,0.5,0.305,2.9,0.612,0.57,1.1,0.713,7.2,6.8,1.0,0.8,2.8,3.1,8.5,12.2,0.592,13.2,4.7,0.8,1.6
48,Julius Randle,NYK,23760000,PF,28,77,35.5,8.5,0.459,2.8,0.343,5.7,0.553,0.536,5.2,0.757,10.0,4.1,0.6,0.3,2.8,3.0,25.1,20.3,0.581,29.5,8.1,3.7,3.9
49,John Collins,ATL,23500000,PF,25,71,30.0,5.1,0.508,1.0,0.292,4.1,0.619,0.557,2.0,0.803,6.5,1.2,0.6,1.0,1.1,3.1,13.1,13.6,0.593,17.1,4.2,-1.3,0.4
50,Mike Conley,MIN/UTA,22680000,PG,35,67,30.3,3.9,0.428,2.0,0.385,1.9,0.486,0.539,2.1,0.834,2.7,6.7,1.1,0.2,1.5,2.1,11.9,14.7,0.583,16.3,5.5,0.9,1.5
51,Malcolm Brogdon,BOS,22600000,PG,30,67,26.0,5.3,0.484,2.0,0.444,3.3,0.51,0.574,2.4,0.87,4.2,3.7,0.7,0.3,1.5,1.6,14.9,18.2,0.615,22.8,5.8,2.8,2.1
52,Anfernee Simons,POR,22321429,SG,23,62,35.0,7.5,0.447,3.4,0.377,4.1,0.528,0.548,2.6,0.894,2.6,4.1,0.7,0.2,2.1,2.3,21.1,14.8,0.581,25.1,2.5,-1.1,0.5
53,Terry Rozier,CHO,21486316,SG,28,63,35.3,7.8,0.415,2.6,0.327,5.2,0.48,0.484,2.8,0.809,4.1,5.1,1.2,0.3,2.1,1.9,21.1,14.7,0.517,26.9,1.7,-0.6,0.8
54,Fred VanVleet,TOR,21250000,PG,28,69,36.7,6.3,0.393,3.0,0.342,3.3,0.455,0.486,3.7,0.898,4.1,7.2,1.8,0.6,2.0,2.8,19.3,17.0,0.54,23.2,6.5,2.5,2.9
55,Buddy Hield,IND,21177750,SF,30,80,31.0,5.9,0.458,3.6,0.425,2.3,0.518,0.596,1.3,0.822,5.0,2.8,1.2,0.3,1.7,2.0,16.8,15.4,0.614,20.8,4.4,1.9,2.4
56,Domantas Sabonis,SAC,21100000,C,26,79,34.6,7.3,0.615,0.4,0.373,6.9,0.639,0.632,4.1,0.742,12.3,7.3,0.8,0.5,2.9,3.5,19.1,23.5,0.668,21.3,12.6,5.8,5.4
57,Jerami Grant,POR,20955000,PF,28,63,35.7,6.9,0.475,2.3,0.401,4.6,0.523,0.554,4.4,0.813,4.5,2.4,0.8,0.8,1.8,2.4,20.5,16.0,0.606,22.8,4.1,-0.2,1.0
58,Aaron Gordon,DEN,20690909,PF,27,68,30.2,6.3,0.564,0.9,0.347,5.4,0.628,0.603,2.8,0.608,6.6,3.0,0.8,0.8,1.4,1.9,16.3,19.5,0.617,21.1,6.8,2.1,2.1
59,Mikal Bridges,BRK/PHO,20100000,SF-SG,26,83,35.7,7.1,0.468,2.0,0.382,5.1,0.514,0.535,3.8,0.895,4.4,3.3,1.1,0.7,1.5,1.9,20.1,16.8,0.587,22.6,7.5,1.7,2.8
60,Jarrett Allen,CLE,20000000,C,24,68,32.6,5.9,0.644,0.0,0.1,5.9,0.653,0.645,2.4,0.733,9.8,1.7,0.8,1.2,1.4,2.3,14.3,19.9,0.67,16.4,9.5,2.4,2.4
61,Nicolas Batum,LAC,19700319,PF,34,78,21.9,2.1,0.42,1.6,0.391,0.5,0.563,0.583,0.4,0.708,3.8,1.6,0.7,0.6,0.6,1.9,6.1,11.0,0.594,11.5,3.6,0.5,1.0
62,Eric Gordon,HOU/LAC,19568360,SG,34,69,28.5,4.2,0.446,1.9,0.371,2.3,0.535,0.547,2.1,0.821,1.9,2.7,0.6,0.4,1.5,1.1,12.4,11.8,0.587,17.8,2.3,-1.9,0.1
63,Spencer Dinwiddie,BRK/DAL,19500000,SG-PG,29,79,34.5,5.8,0.438,2.3,0.369,3.5,0.498,0.524,3.4,0.812,3.4,6.5,0.8,0.3,1.8,2.4,17.3,16.0,0.573,22.1,6.3,0.7,1.8
64,Caris LeVert,CLE,18796296,SG,28,74,30.2,4.3,0.431,1.7,0.392,2.6,0.462,0.517,1.8,0.722,3.8,3.9,1.0,0.3,1.6,2.3,12.1,12.4,0.546,18.7,4.4,-0.2,1.0
65,Joe Harris,BRK,18642857,SF,31,74,20.6,2.7,0.457,1.9,0.426,0.8,0.551,0.618,0.2,0.643,2.2,1.4,0.5,0.2,0.6,1.9,7.6,10.6,0.621,14.3,2.6,-1.1,0.3
66,Harrison Barnes,SAC,18352273,PF,30,82,32.5,4.6,0.473,1.6,0.374,3.0,0.553,0.556,4.3,0.847,4.5,1.6,0.7,0.1,1.0,1.3,15.0,14.1,0.632,17.1,6.5,-1.0,0.7
67,Clint Capela,ATL,18206896,C,28,65,26.6,5.4,0.653,0.0,0.0,5.4,0.654,0.653,1.2,0.603,11.0,0.9,0.7,1.2,0.8,2.1,12.0,22.1,0.656,15.7,7.2,2.2,1.8
68,Evan Fournier,NYK,18000000,SG,30,27,17.0,2.1,0.337,1.3,0.307,0.8,0.404,0.443,0.7,0.857,1.8,1.3,0.6,0.1,0.8,1.7,6.1,6.9,0.471,18.4,0.1,-4.0,-0.2
69,Steven Adams,MEM,17926829,C,29,42,27.0,3.7,0.597,0.0,0.0,3.7,0.599,0.597,1.1,0.364,11.5,2.3,0.9,1.1,1.9,2.3,8.6,17.5,0.564,14.6,3.4,0.6,0.7
70,Jonathan Isaac,ORL,17400000,PF,25,11,11.3,2.0,0.415,0.5,0.4,1.5,0.421,0.472,0.5,0.556,4.0,0.5,1.3,0.4,0.4,0.5,5.0,20.3,0.483,21.1,0.3,4.0,0.2
71,OG Anunoby,TOR,17357143,SF,25,67,35.6,6.3,0.476,2.1,0.387,4.2,0.539,0.556,2.1,0.838,5.0,2.0,1.9,0.7,2.0,3.0,16.8,14.6,0.586,19.5,4.7,0.4,1.5
72,Marcus Smart,BOS,17207142,PG,28,61,32.1,4.1,0.415,1.9,0.336,2.2,0.519,0.511,1.4,0.746,3.1,6.3,1.5,0.4,2.3,2.8,11.5,12.1,0.538,17.8,3.7,-1.0,0.5
73,Derrick White,BOS,17142857,SG,28,82,28.3,4.3,0.462,1.8,0.381,2.5,0.548,0.56,2.0,0.875,3.6,3.9,0.7,0.9,1.2,2.2,12.4,15.4,0.604,17.7,7.4,2.4,2.6
74,Dejounte Murray,ATL,17071120,SG,26,74,36.4,8.3,0.464,1.8,0.344,6.5,0.514,0.514,2.1,0.832,5.3,6.1,1.5,0.3,2.2,1.4,20.5,17.0,0.54,24.4,4.7,1.0,2.1
75,Mitchell Robinson,NYK,17045454,C,24,59,27.0,3.2,0.671,0.0,0.0,3.2,0.671,0.671,1.0,0.484,9.4,0.9,0.9,1.8,0.7,2.7,7.4,18.9,0.652,10.1,6.5,2.4,1.7
76,Duncan Robinson,MIA,16902000,SF,28,42,16.5,2.1,0.371,1.5,0.328,0.6,0.556,0.504,0.7,0.906,1.6,1.1,0.3,0.0,0.7,1.8,6.4,7.8,0.534,17.9,0.5,-5.0,-0.5
77,Norman Powell,LAC,16758621,SG,29,60,26.1,5.7,0.479,1.9,0.397,3.8,0.534,0.559,3.8,0.812,2.9,1.8,0.8,0.3,1.7,2.1,17.0,17.1,0.612,26.0,3.5,0.3,0.9
78,Collin Sexton,UTA,16700000,PG,24,48,23.9,4.9,0.506,1.0,0.393,3.9,0.546,0.558,3.4,0.819,2.2,2.9,0.6,0.1,1.8,2.3,14.3,15.9,0.616,23.4,2.5,-1.3,0.2
79,Markelle Fultz,ORL,16500000,PG,24,60,29.6,5.8,0.514,0.5,0.31,5.4,0.544,0.534,1.9,0.783,3.9,5.7,1.5,0.4,2.3,2.2,14.0,16.6,0.564,21.3,3.7,0.5,1.2
80,Lauri Markkanen,UTA,16475454,PF,25,66,34.4,8.7,0.499,3.0,0.391,5.6,0.585,0.586,5.3,0.875,8.6,1.9,0.6,0.6,1.9,2.1,25.6,22.1,0.64,26.6,8.2,3.8,3.3
81,Marcus Morris,LAC,16372093,PF,33,65,28.1,4.2,0.426,1.7,0.364,2.5,0.484,0.513,1.0,0.782,4.0,1.8,0.6,0.3,0.9,2.1,11.2,10.5,0.534,17.6,2.0,-1.9,0.0
82,Malik Beasley,LAL/UTA,15558035,SG,26,81,25.8,4.6,0.395,2.9,0.357,1.7,0.484,0.52,0.6,0.769,3.5,1.5,0.8,0.1,1.1,1.3,12.7,10.9,0.531,21.1,1.4,-2.0,0.0
83,Luguentz Dort,OKC,15277778,SF,23,74,30.7,4.6,0.388,1.8,0.33,2.8,0.44,0.466,2.7,0.772,4.6,2.1,1.0,0.3,1.2,3.3,13.7,11.3,0.513,19.8,2.9,-3.0,-0.6
84,Will Barton,WAS/TOR,15059712,SG,32,56,17.7,2.5,0.379,1.2,0.367,1.3,0.391,0.47,0.7,0.787,2.4,2.0,0.5,0.2,0.9,1.0,6.8,10.0,0.493,18.9,0.4,-2.6,-0.2
85,Tyus Jones,MEM,15000000,PG,26,80,24.3,3.9,0.438,1.5,0.371,2.4,0.495,0.523,1.0,0.8,2.5,5.2,1.0,0.1,0.9,0.4,10.3,16.0,0.546,17.7,5.7,1.6,1.7
86,Derrick Rose,NYK,14520730,PG,34,27,12.5,2.3,0.384,0.7,0.302,1.6,0.438,0.443,0.4,0.917,1.5,1.7,0.3,0.2,0.8,0.7,5.6,10.1,0.463,23.6,0.0,-3.7,-0.1
87,Kevin Huerter,SAC,14508929,SG,24,75,29.4,5.6,0.485,2.7,0.402,2.9,0.604,0.603,1.3,0.725,3.3,2.9,1.1,0.3,1.3,2.4,15.2,15.2,0.617,19.9,4.9,1.0,1.7
88,Christian Wood,DAL,14317459,C,27,67,25.9,5.9,0.515,1.6,0.376,4.3,0.594,0.583,3.2,0.772,7.3,1.8,0.4,1.1,1.8,2.5,16.6,20.6,0.624,26.4,4.8,1.7,1.6
89,Kentavious Caldwell-Pope,DEN,14004703,SG,29,76,31.3,3.8,0.462,1.8,0.423,2.1,0.502,0.569,1.4,0.824,2.7,2.4,1.5,0.5,1.1,1.9,10.8,11.5,0.598,14.1,4.5,-1.0,0.6
90,Brook Lopez,MIL,13906976,C,34,78,30.4,6.1,0.531,1.7,0.374,4.4,0.637,0.606,1.9,0.784,6.7,1.3,0.5,2.5,1.4,2.6,15.9,18.4,0.63,19.3,8.0,2.1,2.5
91,Patrick Beverley,LAL/CHI,13801614,SG-PG,34,67,27.1,2.1,0.4,1.2,0.335,1.0,0.529,0.511,0.7,0.723,3.7,2.9,0.9,0.6,0.9,2.8,6.2,8.9,0.534,10.6,3.0,-1.2,0.3
92,Doug McDermott,SAS,13750000,SF,31,64,20.5,3.7,0.457,1.9,0.413,1.8,0.516,0.575,0.8,0.757,2.2,1.4,0.2,0.1,0.9,1.8,10.2,11.2,0.59,19.2,1.0,-3.2,-0.4
93,Luke Kennard,LAC/MEM,13745455,SG,26,59,22.3,3.2,0.492,2.3,0.494,0.9,0.487,0.666,0.6,0.949,2.7,1.5,0.5,0.1,0.8,1.4,9.3,13.0,0.684,14.5,3.4,0.5,0.8
94,Zion Williamson,NOP,13534817,PF,22,29,33.0,9.8,0.608,0.2,0.368,9.6,0.618,0.615,6.1,0.714,7.0,4.6,1.1,0.6,3.4,2.2,26.0,25.2,0.652,30.4,3.6,5.8,1.9
95,Jordan Clarkson,UTA,13340000,SG,30,61,32.6,7.5,0.444,2.5,0.338,5.0,0.53,0.519,3.3,0.816,4.0,4.4,0.5,0.2,3.0,2.0,20.8,14.7,0.558,27.8,1.7,-1.4,0.3
96,Gary Harris,ORL,13000000,SG,28,48,24.7,2.9,0.45,2.0,0.431,0.9,0.494,0.603,0.6,0.9,2.0,1.2,0.9,0.3,0.6,1.9,8.3,10.5,0.62,12.6,2.3,-0.7,0.4
97,Kyle Kuzma,WAS,13000000,PF,27,64,35.0,8.0,0.448,2.5,0.333,5.5,0.533,0.518,2.7,0.73,7.2,3.7,0.6,0.5,3.0,2.3,21.2,14.3,0.544,27.9,0.9,-1.7,0.2
98,Josh Hart,NYK/POR,12960000,SF,27,76,32.3,3.6,0.529,0.8,0.372,2.8,0.601,0.588,1.7,0.75,7.8,3.8,1.2,0.3,1.5,2.6,9.8,14.1,0.622,12.6,6.0,0.9,1.8
99,Dorian Finney-Smith,BRK/DAL,12939848,PF,29,66,30.4,3.0,0.391,1.7,0.337,1.2,0.503,0.505,0.7,0.763,4.8,1.5,0.8,0.5,0.9,2.2,8.3,9.2,0.523,13.2,2.1,-2.0,0.0
100,Kelly Olynyk,UTA,12804878,C,31,68,28.6,4.1,0.499,1.4,0.394,2.7,0.576,0.583,2.9,0.853,6.2,3.7,0.9,0.5,2.5,3.4,12.5,14.4,0.643,17.8,4.3,0.4,1.2
101,Chris Boucher,TOR,12690000,PF,30,76,20.0,3.4,0.493,0.8,0.328,2.6,0.585,0.552,1.7,0.762,5.5,0.4,0.6,0.8,0.5,1.9,9.4,18.0,0.59,18.0,5.0,-0.1,0.7
102,Robert Covington,LAC,12307692,PF,32,48,16.2,2.1,0.445,1.1,0.397,1.0,0.516,0.563,0.6,0.75,3.5,1.2,0.8,0.7,0.7,1.8,6.0,14.2,0.584,15.6,1.9,1.7,0.7
103,Josh Richardson,NOP/SAS,12196094,SG,29,65,23.5,3.7,0.431,1.6,0.365,2.0,0.506,0.528,1.1,0.852,2.7,2.7,1.1,0.3,1.3,1.8,10.1,12.3,0.555,18.4,1.8,-1.2,0.3
104,Ja Morant,MEM,12119440,PG,23,61,31.9,9.3,0.466,1.5,0.307,7.8,0.519,0.504,6.1,0.748,5.9,8.1,1.1,0.3,3.4,1.6,26.2,23.3,0.557,34.9,6.0,5.7,3.8
105,Danny Green,CLE/MEM,11710528,SG,35,11,12.5,2.0,0.449,1.5,0.432,0.5,0.5,0.612,0.1,1.0,1.3,0.5,0.5,0.3,0.9,1.5,5.5,10.8,0.617,18.9,0.2,-1.9,0.0
106,Terrence Ross,ORL/PHO,11500000,SG,31,63,21.1,3.2,0.43,1.5,0.368,1.7,0.507,0.532,0.4,0.794,2.4,1.5,0.6,0.2,0.7,1.5,8.3,10.2,0.544,16.8,1.6,-2.1,0.0
107,Reggie Jackson,DEN/LAC,11457217,PG,32,68,24.4,3.9,0.411,1.4,0.333,2.5,0.474,0.486,1.0,0.91,2.1,3.4,0.7,0.1,1.7,1.7,10.2,10.0,0.514,20.8,0.6,-3.9,-0.8
108,Dillon Brooks,MEM,11400000,SF,27,73,30.3,5.4,0.396,2.0,0.326,3.4,0.451,0.468,1.6,0.779,3.3,2.6,0.9,0.2,1.4,3.3,14.3,9.4,0.494,21.8,1.6,-3.9,-1.1
109,Richaun Holmes,SAC,11215260,C,29,42,8.3,1.3,0.618,0.1,0.625,1.2,0.617,0.646,0.4,0.789,1.9,0.2,0.1,0.3,0.3,1.2,3.1,12.9,0.668,13.7,0.8,-2.9,-0.1
110,Dwight Powell,DAL,11080125,C,31,76,19.2,2.6,0.732,0.0,0.0,2.6,0.746,0.732,1.5,0.667,4.1,0.9,0.6,0.3,0.9,2.8,6.7,15.5,0.738,12.6,5.1,-1.2,0.3
111,Paolo Banchero,ORL,11055120,PF,20,72,33.8,6.7,0.427,1.2,0.298,5.5,0.471,0.465,5.5,0.738,6.9,3.7,0.8,0.5,2.8,2.2,20.0,14.9,0.529,27.5,2.4,-1.5,0.3
112,RJ Barrett,NYK,10900634,SG,22,73,33.9,7.0,0.434,1.7,0.31,5.3,0.495,0.485,4.0,0.74,5.0,2.8,0.4,0.2,2.2,2.5,19.6,12.9,0.531,26.2,2.2,-3.1,-0.7
113,Bobby Portis,MIL,10843350,PF,27,70,26.0,5.7,0.496,1.4,0.37,4.3,0.555,0.555,1.4,0.768,9.6,1.5,0.4,0.2,1.2,1.6,14.1,17.8,0.575,21.7,5.3,0.7,1.2
114,DeAndre Jordan,DEN,10733758,C,34,39,15.0,2.3,0.765,0.0,1.0,2.2,0.763,0.77,0.6,0.458,5.2,0.9,0.3,0.6,1.2,1.8,5.1,14.7,0.731,13.7,1.4,-1.8,0.0
115,Anthony Edwards,MIN,10733400,SG,21,79,36.0,8.9,0.459,2.7,0.369,6.3,0.513,0.528,4.0,0.756,5.8,4.4,1.6,0.7,3.3,2.4,24.6,17.4,0.564,29.9,3.8,1.0,2.1
116,Robert Williams,BOS,10714287,C,25,35,23.5,3.6,0.747,0.0,0.0,3.6,0.751,0.747,0.7,0.61,8.3,1.4,0.6,1.4,1.0,1.9,8.0,19.8,0.742,11.8,3.8,3.3,1.1
117,Cade Cunningham,DET,10552800,PG,21,12,33.3,7.8,0.415,1.4,0.279,6.3,0.466,0.453,3.0,0.837,6.2,6.0,0.8,0.6,3.3,2.8,19.9,14.0,0.492,30.0,-0.1,-0.7,0.1
118,Mo Bamba,LAL/ORL,10300000,C,24,49,15.7,2.4,0.485,1.0,0.387,1.4,0.59,0.585,0.8,0.661,4.6,0.9,0.3,0.9,0.6,2.1,6.6,15.7,0.602,16.6,2.2,0.5,0.5
119,Talen Horton-Tucker,UTA,10260000,SG,22,65,20.2,4.0,0.419,0.9,0.286,3.1,0.485,0.467,1.9,0.75,3.2,3.8,0.6,0.4,1.9,1.7,10.7,13.7,0.508,25.9,0.8,-1.6,0.2
120,Jae Crowder,MIL,10183800,PF,32,18,18.9,2.5,0.479,1.3,0.436,1.2,0.538,0.606,0.6,0.833,3.8,1.5,0.7,0.3,0.4,1.5,6.9,14.6,0.624,13.2,1.2,1.2,0.3
121,Ivica Zubac,LAC,10123457,C,25,76,28.6,4.3,0.634,0.0,0.0,4.3,0.637,0.634,2.2,0.697,9.9,1.0,0.4,1.3,1.5,2.9,10.8,16.7,0.661,14.8,6.7,-0.9,0.6
122,Reggie Bullock,DAL,10012800,SF,31,78,30.3,2.5,0.409,1.9,0.38,0.5,0.562,0.569,0.3,0.703,3.6,1.4,0.7,0.2,0.5,2.1,7.2,7.7,0.577,10.0,2.8,-2.6,-0.4
123,Alec Burks,DET,10012800,SG,31,51,22.0,3.9,0.436,1.9,0.414,2.0,0.459,0.544,3.0,0.814,3.1,2.2,0.7,0.2,1.1,1.9,12.8,16.5,0.602,22.8,2.5,1.2,0.9
124,De'Andre Hunter,ATL,9835881,SF,25,67,31.7,5.7,0.461,1.5,0.35,4.2,0.521,0.522,2.6,0.826,4.2,1.4,0.5,0.3,1.2,3.0,15.4,11.5,0.563,19.7,2.5,-3.3,-0.7
125,James Wiseman,GSW/DET,9603360,C,21,45,19.3,4.2,0.558,0.1,0.2,4.1,0.58,0.563,1.5,0.701,5.9,0.7,0.2,0.6,1.1,2.4,10.0,15.6,0.589,21.2,1.4,-3.5,-0.3
126,Landry Shamet,PHO,9500000,SG,25,40,20.2,2.8,0.377,1.9,0.377,1.0,0.376,0.502,1.1,0.882,1.7,2.3,0.7,0.1,0.9,1.5,8.7,10.9,0.537,18.9,1.2,-1.4,0.1
127,Malik Monk,SAC,9472219,SG,24,77,22.3,4.6,0.448,1.9,0.359,2.8,0.538,0.538,2.4,0.889,2.6,3.9,0.6,0.3,1.9,1.6,13.5,16.6,0.587,25.8,3.2,0.3,1.0
128,Jalen Green,HOU,9441840,SG,20,76,34.2,7.4,0.416,2.5,0.338,5.0,0.471,0.485,4.8,0.786,3.7,3.7,0.8,0.2,2.6,1.7,22.1,14.5,0.538,28.1,1.8,-2.1,0.0
129,Jakob Poeltl,SAS/TOR,9398148,C,27,72,26.5,5.4,0.629,0.0,0.0,5.4,0.63,0.629,1.7,0.592,9.1,2.7,0.9,1.2,1.7,2.7,12.5,21.0,0.635,18.2,6.0,1.9,1.9
130,Nerlens Noel,BRK/DET,9391069,C,28,17,11.5,0.8,0.361,0.1,0.5,0.7,0.353,0.375,0.5,0.667,2.7,0.6,0.9,0.6,0.8,1.9,2.1,7.9,0.424,12.0,0.0,-3.8,-0.1
131,Royce O'Neale,BRK,9200000,SF,29,76,31.7,3.0,0.386,2.1,0.389,0.9,0.379,0.524,0.7,0.725,5.1,3.7,0.9,0.6,1.5,3.1,8.8,9.2,0.538,13.6,2.9,-1.1,0.5
132,Monte Morris,WAS,9125000,PG,27,62,27.3,4.0,0.48,1.3,0.382,2.7,0.543,0.555,1.0,0.831,3.4,5.3,0.7,0.2,1.0,1.2,10.3,15.0,0.579,15.6,4.2,0.5,1.1
133,Mason Plumlee,LAC/CHO,9080417,C,32,79,26.0,4.2,0.68,0.0,0.0,4.2,0.68,0.68,2.5,0.636,8.9,3.1,0.6,0.6,1.5,2.7,10.8,19.6,0.689,15.2,7.9,2.2,2.2
134,Alex Caruso,CHI,9030000,PG,28,67,23.5,1.9,0.455,0.8,0.364,1.1,0.556,0.551,0.9,0.808,2.9,2.9,1.5,0.7,1.1,2.4,5.6,11.5,0.588,11.1,3.6,1.1,1.2
135,Maxi Kleber,DAL,9000000,PF,31,37,25.1,2.1,0.456,1.1,0.348,1.0,0.667,0.571,0.7,0.711,3.6,1.4,0.3,0.8,0.7,2.3,5.9,8.7,0.592,10.3,1.3,-2.2,0.0
136,Grayson Allen,MIL,8925000,SG,27,72,27.4,3.4,0.44,2.0,0.399,1.4,0.518,0.571,1.6,0.905,3.3,2.3,0.9,0.2,1.0,1.6,10.4,12.3,0.612,14.6,5.1,0.1,1.0
137,Darius Garland,CLE,8920794,PG,23,69,35.5,7.6,0.462,2.4,0.41,5.1,0.492,0.537,4.0,0.863,2.7,7.8,1.2,0.1,2.9,2.1,21.6,18.8,0.587,26.9,7.6,2.4,2.7
138,Isaiah Hartenstein,NYK,8854879,C,24,82,19.8,2.1,0.535,0.1,0.216,2.0,0.576,0.547,0.6,0.676,6.5,1.2,0.6,0.8,0.8,2.6,5.0,14.2,0.567,11.2,4.6,-0.3,0.7
139,Kyle Anderson,MIN,8780488,PF,29,69,28.4,3.7,0.509,0.6,0.41,3.0,0.536,0.553,1.4,0.735,5.3,4.9,1.1,0.9,1.5,2.1,9.4,14.8,0.583,14.4,5.1,2.5,2.2
140,Victor Oladipo,MIA,8750000,SG,30,42,26.3,3.8,0.397,1.7,0.33,2.1,0.471,0.484,1.4,0.747,3.0,3.5,1.4,0.3,2.1,2.4,10.7,10.6,0.513,21.1,0.6,-2.1,0.0
141,Daniel Theis,IND,8694369,C,30,7,15.6,3.0,0.477,0.3,0.182,2.7,0.576,0.5,0.7,0.417,3.1,1.3,0.3,0.9,0.4,1.0,7.0,14.2,0.497,20.1,0.1,-1.4,0.0
142,LaMelo Ball,CHO,8623920,PG,21,36,35.2,8.2,0.411,4.0,0.376,4.2,0.45,0.51,2.8,0.836,6.4,8.4,1.3,0.3,3.6,3.3,23.3,17.9,0.541,30.0,1.8,2.4,1.4
143,Seth Curry,BRK,8496653,SG,32,61,19.9,3.4,0.463,1.5,0.405,1.9,0.525,0.568,0.8,0.927,1.6,1.6,0.6,0.1,0.8,1.6,9.2,12.3,0.593,19.2,1.8,-2.1,0.0
144,Evan Mobley,CLE,8478720,PF,21,79,34.4,6.6,0.554,0.3,0.216,6.4,0.595,0.566,2.6,0.674,9.0,2.8,0.8,1.5,1.8,2.8,16.2,17.9,0.591,20.2,8.5,1.7,2.5
145,Gary Payton II,GSW/POR,8300000,SG,30,22,16.7,1.9,0.594,0.6,0.5,1.3,0.651,0.688,0.3,0.857,3.1,1.4,1.0,0.2,0.7,2.0,4.6,13.3,0.701,10.3,1.0,0.3,0.2
146,Dewayne Dedmon,PHI/MIA,8283688,C,33,38,11.2,2.0,0.51,0.3,0.308,1.7,0.58,0.55,0.9,0.673,3.5,0.7,0.2,0.5,0.7,2.0,5.2,15.5,0.577,20.6,1.0,-1.6,0.0
147,De'Anthony Melton,PHI,8250000,SG,24,77,27.9,3.6,0.425,2.0,0.39,1.6,0.484,0.546,0.9,0.793,4.1,2.6,1.6,0.5,1.3,2.5,10.1,12.7,0.566,16.4,4.2,0.9,1.6
148,JaMychal Green,GSW,8200000,PF,32,57,14.0,2.4,0.54,0.7,0.378,1.6,0.667,0.623,0.9,0.776,3.6,0.9,0.4,0.4,0.9,1.8,6.4,15.5,0.65,17.5,2.2,-0.5,0.3
149,Keegan Murray,SAC,8008440,SF,22,80,29.8,4.4,0.453,2.6,0.411,1.9,0.527,0.584,0.8,0.765,4.6,1.2,0.8,0.5,0.8,2.0,12.2,12.3,0.597,15.8,4.3,-0.6,0.8
150,Kevon Looney,GSW,8000000,C,26,82,23.9,3.0,0.63,0.0,0.0,3.0,0.632,0.63,1.1,0.606,9.3,2.5,0.6,0.6,0.5,2.7,7.0,17.8,0.639,10.6,8.7,2.1,2.0
151,Thaddeus Young,TOR,8000000,PF,34,54,14.7,2.0,0.545,0.1,0.176,1.9,0.622,0.561,0.3,0.692,3.1,1.4,1.0,0.1,0.8,1.6,4.4,14.1,0.573,13.5,1.8,0.1,0.4
152,Delon Wright,WAS,7804878,PG,30,50,24.4,2.8,0.474,0.8,0.345,1.9,0.564,0.545,1.0,0.867,3.6,3.9,1.8,0.3,0.9,1.2,7.4,16.3,0.581,12.9,3.7,3.4,1.7
153,Patrick Williams,CHI,7775400,PF,21,82,28.3,3.8,0.464,1.4,0.415,2.4,0.498,0.549,1.1,0.857,4.0,1.2,0.9,0.9,1.2,1.8,10.2,11.2,0.576,15.7,3.5,-1.3,0.4
154,Scottie Barnes,TOR,7644600,SF,21,77,34.8,6.0,0.456,0.8,0.281,5.2,0.505,0.487,2.5,0.772,6.6,4.8,1.1,0.8,2.0,2.2,15.3,15.5,0.524,20.3,5.0,0.4,1.6
155,Cedi Osman,CLE,7426088,SF,27,77,20.1,3.1,0.451,1.5,0.372,1.6,0.564,0.56,1.0,0.694,2.3,1.5,0.5,0.1,0.7,1.6,8.7,12.0,0.579,18.2,3.3,-0.7,0.5
156,Coby White,CHI,7413955,SG,22,74,23.4,3.6,0.443,1.7,0.372,1.8,0.54,0.551,0.8,0.871,2.9,2.8,0.7,0.1,1.0,1.6,9.7,12.5,0.572,17.9,3.1,-0.8,0.5
157,Zach Collins,SAS,7350000,C,25,63,22.9,4.5,0.518,0.9,0.374,3.6,0.571,0.568,1.7,0.761,6.4,2.9,0.6,0.8,2.0,3.2,11.6,16.4,0.599,21.2,2.2,-0.2,0.6
158,Jaden Ivey,DET,7252200,SG,20,74,31.1,5.5,0.416,1.6,0.343,3.9,0.457,0.477,3.6,0.747,3.9,5.2,0.8,0.2,3.2,3.3,16.3,12.1,0.528,25.4,0.0,-3.3,-0.7
159,Taurean Prince,MIN,7100000,PF,28,54,22.1,3.3,0.467,1.4,0.381,1.9,0.557,0.565,1.2,0.844,2.4,1.6,0.5,0.3,1.3,2.3,9.1,10.0,0.597,17.3,1.3,-3.3,-0.4
160,Jae'Sean Tate,HOU,7065217,SF,27,31,21.8,3.5,0.48,0.4,0.283,3.1,0.53,0.509,1.6,0.725,3.8,2.7,0.7,0.2,1.5,3.4,9.1,12.2,0.546,18.8,0.7,-3.5,-0.3
161,Isaac Okoro,CLE,7040880,SF,22,76,21.7,2.3,0.494,0.8,0.363,1.5,0.617,0.582,1.0,0.757,2.5,1.1,0.7,0.4,0.6,2.1,6.4,10.7,0.614,11.9,4.2,-0.3,0.7
162,Cody Martin,CHO,7000000,SF,27,7,19.1,2.0,0.389,0.4,0.214,1.6,0.5,0.431,0.6,0.571,3.4,1.6,0.6,0.1,0.3,1.9,5.0,8.7,0.448,12.9,0.1,-4.6,-0.1
163,Jalen Suggs,ORL,6922320,SG,21,53,23.5,3.5,0.419,1.2,0.327,2.3,0.496,0.493,1.6,0.723,3.0,2.9,1.3,0.5,1.8,2.3,9.9,12.5,0.528,20.3,1.4,-1.0,0.3
164,Jaxson Hayes,NOP,6803012,C,22,47,13.0,1.8,0.551,0.1,0.103,1.8,0.654,0.561,1.2,0.699,2.8,0.7,0.4,0.4,0.7,1.4,5.0,13.7,0.605,15.7,1.5,-1.2,0.1
165,Khem Birch,TOR,6667500,C,30,20,8.1,1.0,0.594,0.1,0.5,0.9,0.6,0.609,0.2,0.8,1.3,0.4,0.3,0.3,0.4,1.2,2.2,9.4,0.629,11.1,0.2,-3.5,-0.1
166,Bennedict Mathurin,IND,6586800,SG,20,78,28.5,5.3,0.434,1.3,0.323,4.0,0.488,0.487,4.8,0.828,4.1,1.5,0.6,0.2,1.9,2.1,16.7,13.1,0.566,24.6,1.8,-3.7,-1.0
167,Bruce Brown,DEN,6479000,SF,26,80,28.5,4.5,0.483,1.1,0.358,3.3,0.548,0.545,1.5,0.758,4.1,3.4,1.1,0.6,1.5,2.4,11.5,13.3,0.571,17.8,4.3,-0.5,0.9
168,Caleb Martin,MIA,6479000,SF,27,71,29.3,3.6,0.464,1.2,0.356,2.4,0.545,0.54,1.3,0.805,4.8,1.6,1.0,0.4,1.1,2.0,9.6,11.4,0.571,14.4,3.7,-1.2,0.4
169,Joe Ingles,MIL,6479000,SF,35,46,22.7,2.3,0.435,1.8,0.409,0.5,0.556,0.603,0.4,0.857,2.8,3.3,0.7,0.1,1.2,1.6,6.9,10.7,0.616,12.6,2.3,-0.7,0.3
170,Onyeka Okongwu,ATL,6395160,C,22,80,23.1,4.0,0.638,0.1,0.308,3.9,0.647,0.642,1.9,0.781,7.2,1.0,0.7,1.3,1.0,3.1,9.9,19.4,0.678,15.1,7.1,0.8,1.3
171,Josh Giddey,OKC,6287400,PF,20,76,31.1,7.1,0.482,1.0,0.325,6.1,0.524,0.516,1.4,0.731,7.9,6.2,0.8,0.4,2.8,1.9,16.6,17.1,0.533,24.6,4.0,1.2,1.9
172,Rui Hachimura,LAL/WAS,6263188,PF,24,63,23.3,4.5,0.486,0.8,0.319,3.7,0.55,0.53,1.4,0.739,4.5,0.9,0.3,0.4,0.8,1.1,11.2,13.2,0.556,20.2,1.8,-2.2,-0.1
173,Rudy Gay,UTA,6184500,PF,36,56,14.6,1.9,0.38,0.6,0.254,1.4,0.484,0.437,0.8,0.857,2.9,1.0,0.3,0.3,0.7,1.2,5.2,9.0,0.475,17.7,0.3,-4.0,-0.4
174,Jevon Carter,MIL,6025000,PG,27,81,22.3,3.0,0.423,1.8,0.421,1.2,0.425,0.549,0.4,0.816,2.5,2.4,0.8,0.4,1.0,2.0,8.0,10.9,0.56,15.3,3.5,-0.6,0.6
175,Shaedon Sharpe,POR,6012960,SG,19,80,22.2,3.8,0.472,1.3,0.36,2.6,0.559,0.551,0.9,0.714,3.0,1.2,0.5,0.3,1.0,1.7,9.9,11.5,0.568,19.0,1.2,-3.3,-0.6
176,Cameron Payne,PHO,6000000,PG,28,48,20.2,3.9,0.415,1.4,0.368,2.5,0.448,0.49,1.0,0.766,2.2,4.5,0.7,0.2,1.7,1.8,10.3,13.2,0.512,24.8,1.1,-1.2,0.2
177,Justin Holiday,DAL/ATL,5987975,SF,33,46,15.3,1.7,0.377,1.0,0.322,0.7,0.508,0.49,0.1,0.625,1.2,0.9,0.4,0.4,0.5,1.5,4.5,6.6,0.494,14.1,0.1,-3.9,-0.3
178,Cam Reddish,NYK/POR,5954454,SF,23,40,24.8,3.5,0.446,1.1,0.313,2.4,0.56,0.518,1.6,0.853,2.2,1.4,1.0,0.4,1.2,1.8,9.7,10.6,0.561,17.1,0.9,-3.4,-0.4
179,Cameron Johnson,BRK/PHO,5887899,PF,26,42,28.5,5.3,0.47,2.5,0.404,2.9,0.548,0.579,2.4,0.842,4.4,1.9,1.2,0.3,0.9,2.0,15.5,17.1,0.617,20.6,3.5,2.6,1.4
180,Ricky Rubio,CLE,5853659,PG,32,33,17.2,1.8,0.343,0.6,0.256,1.2,0.417,0.402,0.8,0.8,2.1,3.5,0.8,0.2,0.9,1.5,5.2,10.4,0.442,17.7,0.7,-2.8,-0.1
181,Killian Hayes,DET,5837760,PG,21,76,28.3,4.0,0.377,1.1,0.28,3.0,0.429,0.426,1.2,0.821,2.9,6.2,1.4,0.4,2.3,2.9,10.3,10.2,0.455,20.5,-0.5,-3.8,-1.0
182,Jonathan Kuminga,GSW,5739840,PF,20,67,20.8,3.9,0.525,0.8,0.37,3.1,0.59,0.579,1.3,0.652,3.4,1.9,0.6,0.5,1.4,2.3,9.9,13.3,0.597,19.6,2.4,-1.7,0.1
183,Pat Connaughton,MIL,5728393,SF,30,61,23.7,2.7,0.392,1.8,0.339,0.9,0.566,0.521,0.4,0.659,4.6,1.3,0.6,0.2,0.5,1.1,7.6,10.0,0.531,13.8,2.5,-1.0,0.3
184,Tyler Herro,MIA,5722116,SG,23,67,34.9,7.3,0.439,3.0,0.378,4.2,0.497,0.531,2.5,0.934,5.4,4.2,0.8,0.2,2.4,1.5,20.1,15.3,0.566,25.6,3.5,0.6,1.6
185,Romeo Langford,SAS,5634257,SG,23,43,19.6,2.8,0.467,0.4,0.262,2.4,0.53,0.498,0.9,0.696,2.7,1.2,0.6,0.3,0.7,1.6,6.9,10.4,0.524,15.4,0.5,-4.2,-0.5
186,Dyson Daniels,NOP,5508600,PG,19,59,17.7,1.5,0.418,0.5,0.314,1.0,0.492,0.483,0.4,0.65,3.2,2.3,0.7,0.2,1.0,1.7,3.8,8.8,0.503,11.6,1.3,-1.8,0.0
187,JaVale McGee,DAL,5461219,C,35,42,8.5,1.9,0.64,0.0,0.4,1.9,0.65,0.648,0.6,0.585,2.5,0.3,0.1,0.6,0.9,1.3,4.4,17.2,0.65,22.8,0.6,-3.7,-0.1
188,Goga Bitadze,ORL/IND,5377520,C,23,38,12.0,1.8,0.552,0.2,0.231,1.7,0.636,0.576,0.6,0.548,3.6,1.0,0.4,0.7,0.6,1.7,4.4,17.1,0.582,15.4,1.3,0.3,0.3
189,Obi Toppin,NYK,5348280,PF,24,67,15.7,2.8,0.446,1.3,0.344,1.5,0.593,0.548,0.6,0.809,2.8,1.0,0.3,0.2,0.6,1.0,7.4,13.6,0.565,19.5,2.1,-0.5,0.4
190,Franz Wagner,ORL,5258280,SF,21,80,32.6,6.8,0.485,1.6,0.361,5.2,0.544,0.543,3.4,0.842,4.1,3.5,1.0,0.2,2.1,2.3,18.6,15.9,0.589,23.5,5.4,-0.1,1.3
191,Kendrick Nunn,LAL/WAS,5250000,SG,27,70,13.8,2.7,0.424,1.1,0.354,1.6,0.493,0.512,0.5,0.854,1.6,1.3,0.4,0.1,0.9,0.9,7.1,11.1,0.53,23.7,0.2,-3.5,-0.4
192,Hamidou Diallo,DET,5200000,SF,24,56,17.8,3.8,0.573,0.1,0.238,3.8,0.593,0.58,1.6,0.588,3.5,1.0,0.9,0.3,1.3,2.2,9.3,15.7,0.593,21.8,1.3,-1.4,0.1
193,Cory Joseph,DET,5155500,PG,31,62,19.8,2.4,0.427,1.1,0.389,1.3,0.468,0.527,0.9,0.792,1.7,3.5,0.5,0.1,0.9,1.4,6.9,12.1,0.558,15.2,1.8,-1.5,0.2
194,Garrett Temple,NOP,5155500,SG,36,25,6.5,0.7,0.4,0.4,0.423,0.3,0.368,0.522,0.1,0.75,0.7,0.5,0.4,0.1,0.2,0.6,2.0,10.5,0.535,13.4,0.3,-1.0,0.0
195,Torrey Craig,PHO,5121951,PF,32,79,24.7,2.9,0.456,1.3,0.395,1.6,0.518,0.556,0.4,0.711,5.4,1.5,0.6,0.8,0.9,2.3,7.4,11.6,0.566,13.0,4.0,-0.6,0.7
196,Jeremy Sochan,SAS,5063520,PF,19,56,26.0,4.5,0.453,0.6,0.246,3.9,0.519,0.483,1.4,0.698,5.3,2.5,0.8,0.4,1.7,2.5,11.0,11.4,0.509,19.8,0.2,-4.0,-0.7
197,Nickeil Alexander-Walker,MIN/UTA,5009633,SG,24,59,15.0,2.2,0.444,1.0,0.384,1.2,0.515,0.547,0.7,0.667,1.7,1.8,0.5,0.4,0.9,1.5,6.2,11.6,0.565,17.9,1.1,-0.9,0.2
198,Furkan Korkmaz,PHI,5000000,SG,25,37,9.5,1.3,0.432,0.5,0.391,0.8,0.462,0.514,0.7,0.722,1.1,0.6,0.3,0.1,0.6,0.5,3.8,9.3,0.552,19.1,0.1,-4.4,-0.2
199,Deni Avdija,WAS,4916160,SF,22,76,26.6,3.3,0.437,0.9,0.297,2.4,0.53,0.497,1.6,0.739,6.4,2.8,0.9,0.4,1.6,2.8,9.2,11.2,0.535,16.7,2.3,-2.3,-0.1
200,Davion Mitchell,SAC,4833600,PG,24,80,18.1,2.3,0.454,0.8,0.32,1.5,0.584,0.533,0.3,0.806,1.3,2.3,0.6,0.2,0.8,1.4,5.6,9.4,0.545,14.1,1.5,-2.8,-0.3
201,Johnny Davis,WAS,4810320,SG,20,28,15.1,2.4,0.386,0.6,0.243,1.8,0.485,0.436,0.5,0.519,2.3,1.0,0.4,0.3,0.6,1.7,5.8,7.2,0.446,20.5,-0.3,-7.4,-0.6
202,Ty Jerome,GSW,4728948,SG,25,45,18.1,2.6,0.488,0.8,0.389,1.8,0.546,0.56,0.8,0.927,1.7,3.0,0.5,0.1,0.7,1.4,6.9,12.8,0.594,14.9,2.1,-0.8,0.3
203,Jalen Smith,IND,4670160,C,22,68,18.8,3.6,0.476,0.8,0.283,2.8,0.593,0.53,1.5,0.759,5.8,1.0,0.3,0.9,1.1,2.3,9.4,15.9,0.565,21.0,2.3,-2.1,0.0
204,Ziaire Williams,MEM,4591680,SF,21,37,15.2,2.3,0.429,0.7,0.258,1.6,0.596,0.492,0.5,0.773,2.1,0.9,0.4,0.2,1.0,1.6,5.7,7.4,0.511,18.0,0.1,-5.6,-0.5
205,Ousmane Dieng,OKC,4569840,PF,19,39,14.6,1.9,0.42,0.7,0.265,1.3,0.602,0.492,0.4,0.652,2.7,1.2,0.4,0.2,0.7,1.1,4.9,9.3,0.505,15.9,0.4,-3.6,-0.2
206,Jeff Green,DEN,4500000,PF,36,56,19.5,2.9,0.488,0.5,0.288,2.3,0.58,0.534,1.6,0.744,2.6,1.2,0.3,0.3,0.8,1.8,7.8,11.0,0.576,17.0,1.7,-3.4,-0.4
207,Donte DiVincenzo,GSW,4500000,SG,26,72,26.3,3.3,0.435,2.1,0.397,1.2,0.525,0.574,0.8,0.817,4.5,3.5,1.3,0.1,1.6,1.8,9.4,12.8,0.593,15.1,4.2,0.7,1.3
208,Devin Vassell,SAS,4437000,SG,22,38,31.0,6.9,0.439,2.7,0.387,4.2,0.48,0.525,2.1,0.78,3.9,3.6,1.1,0.4,1.5,1.5,18.5,15.5,0.55,24.4,1.2,0.4,0.7
209,Matisse Thybulle,PHI/POR,4379526,SF-SG,25,71,16.9,1.5,0.435,0.8,0.365,0.8,0.533,0.542,0.3,0.679,2.0,0.7,1.2,0.5,0.3,1.6,4.1,10.5,0.552,10.6,2.1,-0.5,0.4
210,Jarred Vanderbilt,LAL/UTA,4374000,PF,23,78,24.1,3.2,0.548,0.4,0.322,2.8,0.604,0.58,1.2,0.691,7.5,2.4,1.1,0.3,1.2,2.4,7.9,15.1,0.604,13.6,5.2,1.1,1.5
211,James Bouknight,CHO,4362240,SG,22,34,15.1,2.0,0.358,1.0,0.303,1.1,0.429,0.443,0.6,0.667,2.1,1.2,0.4,0.1,0.9,1.4,5.6,6.2,0.463,19.5,-0.4,-6.5,-0.6
212,Brandon Clarke,MEM,4343919,PF,26,56,19.5,4.1,0.656,0.0,0.167,4.1,0.665,0.658,1.8,0.723,5.5,1.3,0.6,0.7,1.0,2.3,10.0,20.0,0.682,17.7,4.5,2.5,1.3
213,Jalen Williams,OKC,4341480,SG,21,75,30.3,5.5,0.521,1.0,0.356,4.5,0.579,0.567,2.1,0.812,4.5,3.3,1.4,0.5,1.6,2.5,14.1,15.6,0.601,18.4,5.6,0.3,1.3
214,Grant Williams,BOS,4306281,PF,24,79,25.9,2.7,0.454,1.5,0.395,1.3,0.546,0.575,1.2,0.77,4.6,1.7,0.5,0.4,1.0,2.4,8.1,10.3,0.605,13.1,4.4,-1.1,0.5
215,Darius Bazley,OKC/PHO,4264628,C,22,43,14.3,1.9,0.454,0.5,0.377,1.5,0.485,0.508,0.9,0.543,3.2,0.9,0.5,0.8,0.6,1.0,5.2,13.1,0.524,16.4,1.0,-1.0,0.2
216,Tyrese Haliburton,IND,4215120,PG,22,56,33.6,7.4,0.49,2.9,0.4,4.5,0.572,0.586,3.1,0.871,3.7,10.4,1.6,0.4,2.5,1.2,20.7,23.6,0.624,23.8,7.6,7.2,4.4
217,Nassir Little,POR,4171548,SF,22,54,18.1,2.5,0.442,1.1,0.367,1.4,0.524,0.538,0.6,0.717,2.6,0.9,0.4,0.4,0.7,1.2,6.6,10.2,0.555,16.0,0.7,-3.0,-0.3
218,Jalen Duren,DET,4124280,C,19,67,24.9,3.9,0.648,0.0,0.0,3.9,0.652,0.648,1.4,0.611,8.9,1.1,0.7,0.9,1.4,2.7,9.1,17.3,0.655,14.3,4.5,-0.8,0.5
219,Gorgui Dieng,SAS,4105236,C,33,31,11.5,1.5,0.385,0.7,0.28,0.8,0.571,0.474,0.3,0.769,3.5,1.7,0.1,0.5,1.0,1.8,3.9,9.9,0.493,17.9,0.0,-3.9,-0.2
220,Justise Winslow,POR,4097561,PF,26,29,26.8,2.8,0.409,0.5,0.311,2.3,0.438,0.444,0.7,0.714,5.0,3.4,1.0,0.4,1.5,3.1,6.8,9.3,0.466,14.2,0.4,-2.8,-0.2
221,Dylan Windler,CLE,4037277,SF,26,3,3.3,0.7,0.667,0.3,0.5,0.3,1.0,0.833,0.0,0.0,0.0,0.3,0.3,0.0,0.3,0.0,1.7,19.0,0.833,17.9,0.0,6.7,0.0
222,Stanley Johnson,SAS,4022164,SF,26,30,15.6,2.2,0.533,0.6,0.45,1.6,0.573,0.607,0.9,0.667,3.2,2.2,0.5,0.2,1.1,1.6,5.8,13.5,0.625,15.2,0.7,-1.0,0.1
223,George Hill,MIL/IND,4000000,PG-SG,36,46,18.1,1.7,0.47,0.7,0.358,1.0,0.62,0.572,0.9,0.764,1.8,2.4,0.6,0.1,0.7,1.2,5.0,10.6,0.61,11.3,1.9,-1.5,0.1
224,Terence Davis,SAC,4000000,SG,25,64,13.1,2.4,0.423,1.4,0.366,1.0,0.537,0.545,0.5,0.791,2.2,1.0,0.7,0.2,0.8,1.6,6.7,12.9,0.563,22.2,0.9,-1.5,0.1
225,Chris Duarte,IND,3936960,SF,25,46,19.5,2.7,0.369,1.2,0.316,1.5,0.428,0.452,1.3,0.847,2.5,1.4,0.5,0.2,0.9,1.4,7.9,8.6,0.496,19.0,0.0,-4.5,-0.6
226,Alex Len,SAC,3918600,C,29,26,6.2,0.6,0.533,0.0,0.0,0.6,0.571,0.533,0.4,0.688,2.3,0.5,0.2,0.4,0.6,1.1,1.7,12.8,0.58,14.1,0.3,-4.0,-0.1
227,Ochai Agbaji,UTA,3918360,SG,22,59,20.5,2.8,0.427,1.4,0.355,1.4,0.532,0.532,0.9,0.812,2.1,1.1,0.3,0.3,0.7,1.7,7.9,9.5,0.561,15.8,1.3,-3.0,-0.3
228,Jordan Poole,GSW,3901399,PG,23,82,30.0,6.7,0.43,2.6,0.336,4.1,0.524,0.514,4.4,0.87,2.7,4.5,0.8,0.3,3.1,2.6,20.4,14.6,0.573,29.2,3.2,-1.9,0.1
229,Keldon Johnson,SAS,3873024,SF,23,63,32.7,8.0,0.452,2.1,0.329,5.9,0.523,0.512,3.9,0.749,5.0,2.9,0.7,0.2,2.1,2.0,22.0,15.3,0.551,27.9,1.3,-1.8,0.1
230,James Johnson,IND,3841067,PF,35,18,9.0,1.2,0.449,0.2,0.2,1.1,0.559,0.48,0.2,0.5,1.7,0.8,0.4,0.3,0.4,1.8,2.8,8.4,0.486,15.7,0.1,-4.4,-0.1
231,Aaron Nesmith,IND,3804360,SF,23,73,24.9,3.5,0.427,1.6,0.366,1.9,0.496,0.525,1.6,0.838,3.8,1.3,0.8,0.5,1.0,3.2,10.1,10.5,0.566,16.8,2.0,-3.0,-0.4
232,Moses Moody,GSW,3740160,SG,20,63,13.0,1.7,0.476,0.8,0.363,0.9,0.641,0.584,0.6,0.698,1.7,0.8,0.3,0.1,0.5,0.9,4.8,10.3,0.603,14.6,1.3,-2.6,-0.1
233,Mark Williams,CHO,3722040,C,21,43,19.3,3.7,0.637,0.0,0.0,3.7,0.637,0.637,1.6,0.691,7.1,0.4,0.7,1.0,0.9,2.2,9.0,19.8,0.659,17.0,2.8,0.1,0.4
234,Cole Anthony,ORL,3613680,PG,22,60,25.9,4.6,0.454,1.3,0.364,3.4,0.5,0.516,2.5,0.894,4.8,3.9,0.6,0.5,1.5,2.6,13.0,16.0,0.57,21.5,3.7,1.3,1.3
235,Corey Kispert,WAS,3552840,SF,23,74,28.3,3.9,0.497,2.2,0.424,1.7,0.637,0.637,1.0,0.852,2.8,1.2,0.4,0.1,0.7,1.3,11.1,11.5,0.657,14.1,3.8,-1.5,0.2
236,AJ Griffin,ATL,3536160,SF,19,72,19.5,3.4,0.465,1.4,0.39,2.0,0.536,0.56,0.6,0.894,2.1,1.0,0.6,0.2,0.6,1.2,8.9,12.6,0.577,17.9,2.2,-0.8,0.4
237,Mike Muscala,BOS/OKC,3500000,C,31,63,15.0,2.1,0.449,1.3,0.391,0.8,0.588,0.587,0.6,0.769,3.2,0.8,0.2,0.4,0.4,1.6,6.1,13.0,0.608,15.1,2.5,-0.4,0.4
238,Georges Niang,PHI,3465000,PF,29,78,19.4,2.8,0.442,2.0,0.401,0.9,0.576,0.596,0.5,0.867,2.4,1.0,0.4,0.2,0.7,1.9,8.2,10.9,0.61,17.0,2.5,-1.4,0.2
239,Isaiah Stewart,DET,3433320,C,21,50,28.3,3.9,0.442,1.3,0.327,2.6,0.542,0.518,2.2,0.738,8.1,1.4,0.4,0.7,1.4,2.7,11.3,13.1,0.56,17.3,2.0,-2.1,0.0
240,Chuma Okeke,ORL,3433320,SF,24,27,19.2,1.6,0.352,1.0,0.302,0.6,0.472,0.459,0.6,0.762,3.6,1.4,0.7,0.4,0.6,1.5,4.7,9.1,0.488,12.3,0.7,-1.6,0.1
241,Amir Coffey,LAC,3395062,SF,25,50,12.5,1.1,0.386,0.2,0.275,0.9,0.429,0.424,1.0,0.778,1.1,1.1,0.1,0.1,0.4,1.0,3.4,7.0,0.498,13.5,0.4,-5.0,-0.5
242,Tari Eason,HOU,3359160,PF,21,82,21.5,3.6,0.448,0.7,0.343,2.9,0.486,0.493,1.3,0.752,6.0,1.1,1.2,0.6,1.2,2.3,9.3,15.2,0.525,19.3,2.6,-1.7,0.1
243,Aleksej Pokusevski,OKC,3261480,PF,21,34,20.6,3.2,0.434,1.1,0.365,2.1,0.483,0.51,0.6,0.629,4.7,1.9,0.6,1.3,1.3,1.7,8.1,13.4,0.522,18.3,1.0,0.0,0.3
244,Simone Fontecchio,UTA,3205128,SF,27,52,14.7,2.2,0.369,1.2,0.33,1.0,0.43,0.47,0.7,0.795,1.7,0.8,0.3,0.2,0.8,1.2,6.3,8.0,0.495,20.2,-0.1,-5.2,-0.6
245,Andre Drummond,CHI,3200000,C,29,67,12.7,2.5,0.606,0.0,0.0,2.5,0.613,0.606,1.0,0.536,6.6,0.5,0.7,0.4,1.1,1.7,6.0,20.8,0.606,21.0,2.8,-0.8,0.3
246,Dalen Terry,CHI,3191400,SG,20,38,5.6,0.8,0.444,0.2,0.259,0.7,0.556,0.493,0.4,0.667,1.0,0.6,0.3,0.1,0.2,0.6,2.2,14.1,0.523,18.4,0.5,0.0,0.1
247,Sterling Brown,LAL,3122602,SF,27,4,6.0,0.0,0.0,0.0,0.0,0.0,0.0,0.0,0.0,0.0,2.0,0.5,0.8,0.0,0.0,1.0,0.0,7.0,0.0,7.0,0.0,-3.3,0.0
248,Josh Green,DAL,3098400,SG,22,60,25.7,3.4,0.537,1.1,0.402,2.3,0.643,0.626,1.1,0.723,3.0,1.7,0.7,0.1,1.2,2.6,9.1,11.2,0.645,14.6,2.6,-2.4,-0.2
249,Jake LaRavia,MEM,3047640,PF,21,35,11.8,1.1,0.389,0.7,0.338,0.4,0.542,0.516,0.2,0.778,1.8,0.6,0.3,0.1,0.5,1.4,3.0,6.7,0.531,11.7,0.5,-3.5,-0.2
250,Tre Mann,OKC,3046200,PG,21,67,17.7,2.9,0.393,1.2,0.315,1.7,0.475,0.474,0.6,0.764,2.3,1.8,0.6,0.2,0.9,1.5,7.7,10.0,0.492,20.7,0.5,-3.9,-0.6
251,Kevin Knox,DET/POR,3000000,SF-PF,23,63,15.1,2.4,0.458,1.0,0.349,1.4,0.596,0.556,0.7,0.767,2.8,0.5,0.4,0.2,0.8,1.5,6.6,11.1,0.579,18.4,0.7,-3.5,-0.4
252,Saddiq Bey,DET/ATL,2959080,SF,23,77,27.6,4.6,0.422,2.0,0.361,2.6,0.483,0.513,2.7,0.861,4.7,1.5,0.9,0.2,0.9,1.6,13.8,14.6,0.564,20.2,3.9,-0.3,0.9
253,Malaki Branham,SAS,2925600,SG,19,66,23.5,4.1,0.44,1.2,0.302,2.9,0.539,0.503,0.9,0.829,2.7,1.9,0.5,0.1,1.2,1.7,10.2,9.5,0.524,19.1,-0.1,-5.2,-1.3
254,Joe Wieskamp,TOR,2909261,SF,23,9,5.6,0.3,0.214,0.3,0.25,0.0,0.0,0.321,0.0,0.0,0.4,0.3,0.0,0.0,0.1,0.3,1.0,-0.4,0.321,12.8,-0.1,-10.6,-0.1
255,Kai Jones,CHO,2909040,C,22,46,12.0,1.5,0.558,0.1,0.211,1.4,0.624,0.575,0.4,0.731,2.7,0.3,0.4,0.7,0.7,1.4,3.4,10.8,0.597,12.4,0.7,-4.0,-0.3
256,Blake Griffin,BOS,2905851,C,33,41,13.9,1.5,0.485,0.6,0.348,1.0,0.625,0.573,0.5,0.656,3.8,1.5,0.3,0.2,0.5,1.8,4.1,13.1,0.59,12.7,1.8,0.1,0.3
257,Robin Lopez,CLE,2905851,C,34,37,8.1,1.3,0.64,0.1,0.5,1.2,0.648,0.653,0.4,0.778,1.4,0.5,0.1,0.2,0.7,1.2,3.0,11.6,0.675,16.1,0.6,-3.0,-0.1
258,Markieff Morris,BRK/DAL,2905851,PF,33,35,10.1,1.3,0.409,0.8,0.394,0.5,0.432,0.53,0.3,1.0,2.0,0.9,0.3,0.1,0.5,1.4,3.8,10.4,0.553,17.2,0.4,-2.7,-0.1
259,Andre Iguodala,GSW,2905851,PF,39,8,14.1,0.9,0.467,0.1,0.111,0.8,1.0,0.5,0.3,0.667,2.1,2.4,0.5,0.4,1.1,1.4,2.1,7.3,0.521,9.4,0.1,-2.5,0.0
260,Serge Ibaka,MIL,2905851,C,33,16,11.6,1.6,0.481,0.4,0.333,1.3,0.556,0.537,0.5,0.615,2.8,0.3,0.1,0.4,0.7,1.4,4.1,9.8,0.553,16.1,0.2,-4.5,-0.1
261,Udonis Haslem,MIA,2905851,C,42,7,10.1,1.4,0.345,0.4,0.333,1.0,0.35,0.397,0.6,0.8,1.6,0.0,0.1,0.3,0.1,1.6,3.9,6.2,0.433,20.1,0.0,-12.1,-0.2
262,Wesley Matthews,MIL,2905851,SF,36,52,15.8,1.1,0.363,0.8,0.315,0.4,0.528,0.484,0.5,0.857,2.2,0.7,0.4,0.3,0.3,1.4,3.4,7.0,0.519,9.8,1.2,-2.7,-0.1
263,Austin Rivers,MIN,2905851,SG,30,52,19.5,1.8,0.435,0.8,0.35,0.9,0.558,0.538,0.6,0.769,1.6,1.4,0.5,0.1,0.4,1.5,4.9,7.4,0.564,10.5,1.3,-2.8,-0.2
264,Bismack Biyombo,PHO,2905851,C,30,61,14.3,2.0,0.578,0.0,0.0,2.0,0.578,0.578,0.4,0.357,4.3,0.9,0.3,1.4,0.8,1.9,4.3,14.4,0.555,14.0,1.9,-0.9,0.2
265,Taj Gibson,WAS,2905851,C,37,49,9.8,1.3,0.52,0.2,0.333,1.2,0.564,0.552,0.6,0.714,1.9,0.7,0.3,0.2,0.5,1.7,3.4,11.4,0.585,15.3,0.8,-3.2,-0.1
266,Precious Achiuwa,TOR,2840160,C,23,55,20.7,3.6,0.485,0.5,0.269,3.0,0.564,0.521,1.6,0.702,6.0,0.9,0.6,0.5,1.1,1.9,9.2,15.2,0.554,19.4,2.2,-2.3,-0.1
267,Christian Braun,DEN,2808600,SG,21,76,15.5,1.9,0.495,0.4,0.354,1.4,0.565,0.554,0.5,0.625,2.4,0.8,0.5,0.2,0.5,1.3,4.7,10.3,0.568,13.0,1.9,-2.4,-0.1
268,Jordan Nwora,MIL/IND,2800000,SF,24,62,19.2,3.1,0.436,1.4,0.408,1.7,0.462,0.533,1.1,0.791,3.7,1.4,0.4,0.2,1.1,1.2,8.7,12.2,0.561,19.4,1.5,-2.1,0.0
269,Jalen Johnson,ATL,2792640,SF,21,70,14.9,2.3,0.491,0.4,0.288,1.8,0.587,0.537,0.7,0.628,4.0,1.2,0.5,0.5,0.6,1.6,5.6,14.1,0.554,16.0,2.1,0.3,0.6
270,Tyrese Maxey,PHI,2726880,SG,22,60,33.6,7.3,0.481,2.7,0.434,4.7,0.513,0.568,3.0,0.845,2.9,3.5,0.8,0.1,1.3,2.2,20.3,17.0,0.605,24.1,5.4,0.6,1.3
271,Bruno Fernando,HOU/ATL,2717391,C,24,39,10.4,1.5,0.527,0.0,0.0,1.5,0.546,0.527,0.9,0.7,3.5,0.8,0.2,0.9,0.6,1.9,3.9,16.6,0.571,16.3,0.9,-2.0,0.0
272,Walker Kessler,UTA,2696400,C,21,74,23.0,4.0,0.72,0.0,0.333,4.0,0.723,0.721,1.1,0.516,8.4,0.9,0.4,2.3,0.8,2.3,9.2,21.5,0.702,13.3,7.1,2.9,2.1
273,Keon Johnson,POR,2681040,SG,20,40,10.4,1.7,0.376,0.7,0.346,1.0,0.402,0.455,0.7,0.659,1.1,1.5,0.5,0.2,1.1,1.1,4.7,9.0,0.482,25.0,-0.5,-5.4,-0.4
274,Charles Bassey,SAS,2674742,C,22,35,14.5,2.5,0.644,0.1,0.375,2.4,0.661,0.656,0.6,0.595,5.5,1.3,0.5,0.9,1.2,2.1,5.7,18.8,0.658,15.6,1.3,0.6,0.3
275,Matthew Dellavedova,SAC,2628597,PG,32,32,6.7,0.5,0.34,0.3,0.333,0.3,0.348,0.43,0.1,0.571,0.4,1.3,0.2,0.0,0.3,0.6,1.5,6.7,0.443,12.7,0.1,-5.2,-0.2
276,Trey Lyles,SAC,2625000,PF,27,74,16.9,2.5,0.458,1.2,0.363,1.4,0.595,0.565,1.4,0.815,4.1,0.9,0.4,0.4,0.9,1.3,7.6,14.2,0.607,18.1,2.6,-1.0,0.3
277,Zeke Nnaji,DEN,2617800,PF,22,53,13.7,2.1,0.561,0.3,0.262,1.8,0.71,0.605,0.8,0.645,2.6,0.3,0.3,0.4,0.6,2.0,5.2,12.5,0.62,15.2,1.6,-3.7,-0.3
278,David Roddy,MEM,2588640,PF,21,70,18.0,2.6,0.429,0.9,0.307,1.6,0.553,0.506,0.6,0.631,2.8,0.8,0.4,0.3,0.8,1.5,6.7,8.8,0.519,16.7,1.1,-3.9,-0.6
279,Isaiah Jackson,IND,2573760,C,21,63,16.5,2.8,0.563,0.0,0.143,2.8,0.582,0.566,1.5,0.651,4.5,0.8,0.5,1.5,0.8,2.4,7.2,17.5,0.595,17.4,2.7,-0.8,0.3
280,MarJon Beauchamp,MIL,2485200,SF,22,52,13.5,1.8,0.395,0.9,0.331,0.9,0.485,0.492,0.5,0.73,2.2,0.7,0.4,0.1,0.9,1.4,5.1,8.2,0.513,18.3,0.4,-4.8,-0.5
281,Usman Garuba,HOU,2471160,C,20,75,12.9,1.1,0.486,0.3,0.407,0.8,0.525,0.554,0.4,0.617,4.1,0.9,0.6,0.4,0.6,1.8,3.0,12.9,0.569,10.5,1.8,-1.4,0.2
282,Raul Neto,CLE,2463490,PG,30,48,10.5,1.2,0.518,0.3,0.286,0.9,0.662,0.573,0.6,0.912,1.0,1.6,0.4,0.1,0.5,1.0,3.3,12.6,0.628,13.2,1.5,-0.2,0.2
283,Frank Kaminsky,HOU/ATL,2463490,C,29,36,6.5,0.9,0.492,0.4,0.394,0.5,0.6,0.595,0.4,0.875,1.4,0.9,0.2,0.1,0.3,0.6,2.5,15.3,0.635,14.1,0.7,2.8,0.3
284,Montrezl Harrell,PHI,2463490,C,29,57,11.9,2.2,0.598,0.0,0.0,2.2,0.616,0.598,1.2,0.693,2.8,0.6,0.3,0.4,0.6,1.3,5.6,17.6,0.631,18.9,2.2,-1.3,0.1
285,Blake Wesley,SAS,2385480,SG,19,37,18.1,1.9,0.321,0.5,0.385,1.3,0.301,0.367,0.7,0.591,2.2,2.7,0.7,0.1,1.8,1.8,5.0,3.5,0.393,18.5,-1.6,-9.6,-1.3
286,Josh Christopher,HOU,2372160,SG,21,64,12.3,2.4,0.465,0.3,0.236,2.1,0.55,0.497,0.7,0.75,1.1,1.1,0.5,0.2,0.9,0.9,5.8,11.5,0.523,21.9,0.0,-4.3,-0.5
287,Isaiah Roby,SAS,2330681,PF,24,42,11.3,1.6,0.432,0.4,0.3,1.2,0.516,0.49,0.5,0.488,2.5,0.9,0.4,0.2,0.7,1.3,4.1,9.3,0.497,17.8,-0.1,-4.6,-0.3
288,Lindy Waters III,OKC,2316876,SG,25,41,13.0,1.7,0.393,1.4,0.358,0.3,0.75,0.556,0.4,0.8,1.8,0.7,0.3,0.3,0.2,1.0,5.2,11.8,0.573,15.5,1.1,0.1,0.3
289,Immanuel Quickley,NYK,2316240,SG,23,81,28.9,5.2,0.448,2.1,0.37,3.1,0.521,0.537,2.5,0.819,4.2,3.4,1.0,0.2,1.2,2.0,14.9,16.3,0.578,20.9,6.7,1.7,2.1
290,John Konchar,MEM,2300000,SF,26,72,20.8,1.9,0.431,0.8,0.339,1.1,0.545,0.525,0.4,0.778,4.3,1.4,1.1,0.3,0.5,1.6,5.1,10.8,0.542,10.4,3.5,0.5,0.9
291,Rodney McGruder,DET,2298385,SG,31,32,16.4,1.9,0.408,1.3,0.423,0.7,0.382,0.543,0.6,0.818,2.3,0.9,0.5,0.0,0.3,1.2,5.7,10.7,0.566,14.0,0.7,-1.5,0.1
292,Bryn Forbes,MIN,2298385,SG,29,25,10.7,1.2,0.361,0.6,0.304,0.6,0.432,0.446,0.6,1.0,0.6,0.7,0.3,0.1,0.5,0.9,3.6,6.2,0.497,16.2,0.0,-6.3,-0.3
293,Damian Jones,LAL/UTA,2298385,C,27,41,11.6,1.3,0.64,0.2,0.588,1.1,0.652,0.698,0.5,0.759,3.0,0.4,0.2,0.5,0.6,1.3,3.5,12.9,0.719,10.7,1.2,-1.7,0.0
294,Quentin Grimes,NYK,2277000,SG,22,71,29.9,4.0,0.468,2.2,0.386,1.8,0.641,0.599,1.1,0.796,3.2,2.1,0.7,0.4,1.0,2.5,11.3,11.7,0.619,14.4,4.8,-0.1,1.0
295,Saben Lee,PHI/PHO,2266640,PG,23,25,14.9,2.0,0.405,0.4,0.367,1.5,0.418,0.45,1.7,0.737,1.8,2.7,0.8,0.0,1.0,1.3,6.0,13.1,0.517,19.5,0.7,-1.8,0.0
296,Andrew Nembhard,IND,2244111,SG,23,75,27.6,3.8,0.441,1.2,0.35,2.6,0.504,0.512,0.7,0.79,2.7,4.5,0.9,0.2,1.7,2.4,9.5,10.0,0.528,16.1,1.2,-3.2,-0.6
297,Payton Pritchard,BOS,2239200,PG,25,48,13.4,2.1,0.412,1.2,0.364,0.9,0.495,0.527,0.3,0.75,1.8,1.3,0.3,0.0,0.8,0.8,5.6,10.3,0.536,19.8,0.6,-3.4,-0.2
298,Bones Hyland,DEN/LAC,2201520,PG,22,56,19.4,4.1,0.399,2.1,0.371,2.0,0.434,0.502,1.5,0.843,2.4,3.1,0.7,0.3,1.5,1.7,11.8,14.9,0.535,28.0,1.4,-0.8,0.3
299,Bol Bol,ORL,2200000,PF,23,70,21.5,3.7,0.546,0.4,0.265,3.3,0.633,0.577,1.2,0.759,5.8,1.0,0.4,1.2,1.6,1.3,9.1,14.4,0.603,18.2,2.3,-0.9,0.4
300,Peyton Watson,DEN,2193960,SG,20,23,8.1,1.3,0.492,0.3,0.429,1.0,0.511,0.542,0.5,0.55,1.6,0.5,0.1,0.5,0.3,0.6,3.3,12.8,0.553,17.7,0.3,-2.8,0.0
301,Udoka Azubuike,UTA,2174880,C,23,36,10.0,1.6,0.819,0.0,0.0,1.6,0.819,0.819,0.2,0.35,3.3,0.3,0.2,0.4,0.5,0.9,3.5,16.1,0.774,11.5,1.0,-0.6,0.1
302,Jaden McDaniels,MIN,2161440,SF,22,79,30.6,4.7,0.517,1.4,0.398,3.3,0.588,0.591,1.3,0.736,3.9,1.9,0.9,1.0,1.4,3.4,12.1,12.0,0.611,15.8,4.4,-1.2,0.5
303,Jordan McLaughlin,MIN,2160000,PG,26,43,15.8,1.4,0.421,0.6,0.308,0.9,0.552,0.503,0.3,0.833,1.4,3.4,0.7,0.1,0.8,0.7,3.7,11.8,0.526,11.7,1.3,-0.7,0.2
304,Malachi Flynn,TOR,2145720,PG,24,53,13.0,1.6,0.36,0.9,0.353,0.8,0.367,0.457,0.5,0.758,1.4,1.3,0.4,0.1,0.5,1.2,4.6,8.7,0.479,17.4,0.5,-4.1,-0.4
305,Cam Thomas,BRK,2138160,SG,21,57,16.6,3.5,0.441,0.9,0.383,2.6,0.464,0.497,2.6,0.868,1.7,1.4,0.4,0.1,1.1,1.0,10.6,14.7,0.567,27.8,1.0,-2.7,-0.2
306,Luke Kornet,BOS,2133278,C,27,69,11.7,1.6,0.665,0.0,0.231,1.6,0.701,0.674,0.5,0.821,2.9,0.8,0.2,0.7,0.4,1.2,3.8,16.7,0.697,11.5,3.3,1.0,0.6
307,Damion Lee,PHO,2133278,SG,30,74,20.4,2.7,0.442,1.5,0.445,1.2,0.439,0.564,1.3,0.904,3.0,1.3,0.4,0.1,1.1,1.6,8.2,10.7,0.607,16.3,2.6,-1.7,0.1
308,Juan Toscano-Anderson,LAL/UTA,2133278,SF,29,52,13.5,1.2,0.448,0.2,0.186,1.1,0.56,0.476,0.4,0.792,2.4,1.3,0.3,0.2,0.7,1.5,3.0,7.2,0.505,11.3,0.5,-3.8,-0.3
309,Desmond Bane,MEM,2130240,SG,24,58,31.7,7.8,0.479,2.9,0.408,4.9,0.534,0.568,3.1,0.883,5.0,4.4,1.0,0.4,2.2,2.6,21.5,19.1,0.606,26.1,5.8,3.5,2.5
310,Jaden Springer,PHI,2125200,SG,20,16,5.6,1.1,0.486,0.1,0.4,0.9,0.5,0.514,0.4,0.75,0.9,0.5,0.4,0.2,0.2,0.9,2.6,17.2,0.545,20.8,0.3,0.3,0.1
311,Day'Ron Sharpe,BRK,2109480,C,21,48,11.5,1.9,0.544,0.1,0.545,1.8,0.544,0.561,0.7,0.636,4.2,0.8,0.3,0.7,0.9,1.9,4.7,17.8,0.581,19.0,1.6,-2.3,0.0
312,Tony Bradley,CHI,2036318,C,25,12,2.8,0.5,0.5,0.3,0.6,0.3,0.429,0.625,0.3,1.0,0.9,0.1,0.1,0.1,0.1,0.2,1.6,21.7,0.69,19.8,0.2,4.9,0.1
313,Frank Ntilikina,DAL,2036318,SG,24,47,12.9,1.0,0.364,0.4,0.254,0.7,0.477,0.428,0.5,0.667,1.3,1.2,0.3,0.1,0.6,1.4,2.9,5.2,0.461,13.1,-0.1,-6.7,-0.7
314,Garrison Mathews,HOU/ATL,2000000,SG,26,54,12.7,1.4,0.363,1.2,0.35,0.2,0.476,0.52,0.9,0.906,1.4,0.5,0.4,0.1,0.4,1.1,4.8,9.7,0.573,14.7,1.0,-2.4,-0.1
315,Jaylin Williams,OKC,2000000,C,20,49,18.7,2.1,0.436,0.9,0.407,1.1,0.463,0.534,0.8,0.704,4.9,1.6,0.6,0.2,0.8,2.3,5.9,11.2,0.559,13.5,1.9,-1.7,0.1
316,Jeremiah Robinson-Earl,OKC,2000000,PF,22,43,18.9,2.6,0.444,0.9,0.333,1.7,0.533,0.518,0.8,0.833,4.2,1.0,0.6,0.3,0.4,1.7,6.8,13.0,0.548,14.6,1.9,-1.5,0.1
317,Kenrich Williams,OKC,2000000,PF,28,53,22.8,3.4,0.517,0.9,0.373,2.4,0.608,0.59,0.3,0.436,4.9,2.0,0.8,0.3,0.6,2.1,8.0,14.4,0.585,13.7,3.3,0.5,0.8
318,Caleb Houstan,ORL,2000000,SF,20,51,15.9,1.3,0.363,0.9,0.338,0.4,0.435,0.489,0.3,0.833,1.9,0.6,0.2,0.1,0.4,1.2,3.8,6.2,0.508,11.0,0.7,-4.0,-0.4
319,Shake Milton,PHI,1997718,SG,26,76,20.6,3.2,0.479,0.7,0.378,2.4,0.521,0.535,1.3,0.853,2.5,3.2,0.3,0.2,1.2,1.6,8.4,12.7,0.575,18.5,2.9,-2.0,0.0
320,Aaron Holiday,ATL,1968175,PG,26,63,13.4,1.5,0.418,0.6,0.409,0.9,0.424,0.5,0.4,0.844,1.2,1.4,0.6,0.2,0.6,1.3,3.9,9.4,0.528,13.4,0.9,-2.0,0.0
321,Yuta Watanabe,BRK,1968175,SF,28,58,16.0,2.0,0.491,1.0,0.444,0.9,0.557,0.621,0.6,0.723,2.4,0.8,0.4,0.3,0.4,1.4,5.6,12.1,0.637,13.1,2.1,-0.6,0.3
322,Edmond Sumner,BRK,1968175,SG,27,53,13.9,2.3,0.461,0.6,0.356,1.8,0.511,0.519,1.9,0.917,1.5,1.3,0.6,0.2,0.9,1.6,7.1,14.0,0.597,22.1,1.3,-2.6,-0.1
323,Theo Pinson,DAL,1968175,SG,27,40,8.1,0.8,0.356,0.6,0.355,0.2,0.36,0.483,0.3,0.846,1.6,1.2,0.2,0.0,0.3,0.9,2.4,10.1,0.512,14.7,0.5,-3.4,-0.1
324,Thomas Bryant,DEN/LAL,1968175,C,25,59,18.3,3.9,0.623,0.4,0.441,3.5,0.658,0.659,1.6,0.738,5.7,0.5,0.3,0.5,0.6,1.7,9.8,19.7,0.682,18.2,4.1,0.6,0.7
325,Josh Okogie,PHO,1968175,SG,24,72,18.8,2.3,0.391,0.9,0.335,1.3,0.442,0.471,1.9,0.724,3.5,1.5,0.8,0.5,0.9,1.6,7.3,13.3,0.531,17.7,2.8,-0.2,0.6
326,Drew Eubanks,POR,1968175,C,25,78,20.3,2.7,0.641,0.1,0.389,2.7,0.655,0.651,1.1,0.664,5.4,1.3,0.5,1.3,0.9,2.2,6.6,16.2,0.666,12.5,4.4,0.1,0.8
327,Dean Wade,CLE,1930681,PF,26,44,20.3,1.7,0.412,1.0,0.354,0.6,0.56,0.54,0.3,0.652,3.4,0.8,0.6,0.5,0.4,2.0,4.7,8.5,0.55,10.2,1.8,-0.7,0.3
328,Terance Mann,LAC,1930681,SG,26,81,23.1,3.4,0.519,1.0,0.389,2.4,0.598,0.593,1.1,0.78,3.4,2.3,0.5,0.3,1.0,1.8,8.8,13.4,0.619,15.3,4.3,-0.2,0.8
329,Jaylen Nowell,MIN,1930681,SG,23,65,19.3,4.3,0.448,1.0,0.289,3.3,0.542,0.502,1.2,0.778,2.6,2.0,0.6,0.1,1.0,1.6,10.8,13.7,0.527,25.0,1.2,-2.5,-0.2
330,Naz Reid,MIN,1930681,C,23,68,18.4,4.6,0.537,1.1,0.346,3.5,0.653,0.602,1.3,0.677,4.9,1.1,0.6,0.8,1.4,2.6,11.5,18.5,0.617,24.8,3.0,1.0,1.0
331,Jalen McDaniels,PHI/CHO,1930681,SF,25,80,23.9,3.5,0.455,1.0,0.332,2.6,0.53,0.518,1.5,0.841,4.3,1.6,1.0,0.4,1.2,2.6,9.4,11.8,0.557,17.2,2.7,-2.1,-0.1
332,Daniel Gafford,WAS,1930681,C,24,78,20.6,3.7,0.732,0.0,0.0,3.7,0.732,0.732,1.6,0.679,5.6,1.1,0.4,1.3,1.1,2.4,9.0,19.7,0.739,15.2,6.1,1.0,1.2
333,Chimezie Metu,SAC,1910860,PF,25,66,10.4,2.0,0.589,0.1,0.237,1.8,0.663,0.61,0.8,0.74,3.0,0.6,0.3,0.3,0.5,1.2,4.9,17.3,0.639,17.6,2.1,-0.1,0.3
334,Davon Reed,DEN/LAL,1902133,SG,27,43,8.0,0.7,0.333,0.4,0.37,0.3,0.289,0.435,0.4,0.667,1.4,0.5,0.3,0.1,0.5,0.9,2.1,6.2,0.471,14.5,0.1,-5.3,-0.3
335,KZ Okpala,SAC,1902133,PF,23,35,7.1,0.5,0.421,0.2,0.333,0.3,0.529,0.513,0.2,0.875,1.0,0.4,0.2,0.2,0.2,1.1,1.3,6.2,0.554,8.4,0.3,-3.2,-0.1
336,Wenyen Gabriel,LAL,1878720,C,25,68,15.1,2.3,0.596,0.1,0.278,2.1,0.647,0.615,0.8,0.619,4.2,0.5,0.4,0.5,0.7,2.1,5.5,14.4,0.626,14.1,2.8,-2.2,-0.1
337,Thanasis Antetokounmpo,MIL,1878720,PF,30,37,5.6,0.5,0.435,0.0,0.0,0.5,0.526,0.435,0.3,0.5,1.2,0.4,0.1,0.1,0.3,0.6,1.4,6.7,0.458,13.8,0.1,-7.6,-0.3
338,Moritz Wagner,ORL,1878720,C,25,57,19.5,3.5,0.5,0.9,0.313,2.6,0.631,0.564,2.7,0.841,4.5,1.5,0.6,0.2,1.2,2.4,10.5,17.4,0.63,21.1,3.4,0.6,0.7
339,Keita Bates-Diop,SAS,1878720,PF,27,67,21.7,3.5,0.508,0.8,0.394,2.7,0.557,0.568,1.8,0.793,3.7,1.5,0.7,0.3,0.8,0.9,9.7,14.9,0.609,16.7,2.7,-0.6,0.5
340,Oshae Brissett,IND,1846738,PF,24,65,16.7,1.9,0.386,0.7,0.31,1.2,0.457,0.461,1.6,0.717,3.4,0.7,0.5,0.2,0.5,1.2,6.1,10.6,0.52,16.1,1.1,-3.2,-0.3
341,Nathan Knight,MIN,1836090,C,25,38,7.7,1.2,0.568,0.2,0.364,1.0,0.644,0.617,1.0,0.684,1.5,0.3,0.3,0.2,0.6,1.1,3.7,14.5,0.655,18.7,0.7,-3.2,-0.1
342,Justin Jackson,BOS,1836090,SF,27,23,4.7,0.3,0.259,0.2,0.25,0.1,0.286,0.352,0.0,0.5,0.7,0.4,0.2,0.2,0.1,0.3,0.9,6.3,0.359,12.2,0.1,-2.6,0.0
343,Isaiah Joe,OKC,1836090,SG,23,73,19.1,3.1,0.441,2.2,0.409,0.9,0.553,0.599,1.1,0.82,2.4,1.2,0.7,0.1,0.5,1.4,9.5,14.5,0.626,17.7,3.8,0.9,1.0
344,Ryan Arcidiacono,NYK/POR,1836090,PG,28,20,8.6,0.5,0.243,0.4,0.348,0.1,0.071,0.351,0.0,0.0,0.8,1.2,0.3,0.0,0.4,0.9,1.3,2.7,0.351,11.1,-0.2,-8.8,-0.3
345,Anthony Gill,WAS,1836090,PF,30,59,10.6,1.2,0.538,0.1,0.138,1.1,0.65,0.553,0.8,0.731,1.7,0.6,0.1,0.2,0.3,1.2,3.3,11.1,0.604,12.3,1.3,-3.3,-0.2
346,Javonte Green,CHI,1815677,SF,29,32,15.0,1.9,0.565,0.4,0.371,1.5,0.658,0.625,0.9,0.667,2.8,0.7,0.8,0.7,0.6,1.6,5.2,14.5,0.646,13.6,1.4,1.4,0.4
347,Gabe Vincent,MIA,1815677,PG,26,68,25.9,3.4,0.402,1.7,0.334,1.6,0.512,0.505,1.0,0.872,2.1,2.5,0.9,0.1,1.4,2.3,9.4,9.0,0.533,17.5,1.4,-3.4,-0.6
348,Max Strus,MIA,1815677,SF,26,80,28.4,4.1,0.41,2.5,0.35,1.6,0.559,0.535,1.0,0.876,3.2,2.1,0.5,0.2,0.9,2.1,11.5,10.8,0.557,17.6,3.4,-1.7,0.2
349,Nick Richards,CHO,1782621,C,25,65,18.7,3.0,0.629,0.0,1.0,3.0,0.628,0.631,2.1,0.749,6.4,0.6,0.2,1.1,0.9,2.4,8.2,18.3,0.676,15.6,4.2,-1.3,0.2
350,Lamar Stevens,CLE,1782621,SF,25,62,18.1,2.1,0.448,0.5,0.316,1.6,0.513,0.5,0.6,0.702,3.3,0.5,0.4,0.3,0.4,1.3,5.3,9.5,0.524,13.6,1.9,-2.8,-0.2
351,Naji Marshall,NOP,1782621,SF,25,77,23.3,3.2,0.433,0.9,0.303,2.4,0.513,0.49,1.8,0.789,3.6,2.5,0.7,0.2,1.3,1.5,9.1,11.4,0.539,17.8,2.5,-1.9,0.1
352,Paul Reed,PHI,1782621,C,23,69,10.9,1.8,0.593,0.0,0.167,1.8,0.606,0.596,0.6,0.745,3.8,0.4,0.7,0.7,0.7,1.8,4.2,19.2,0.62,16.4,2.8,-0.1,0.4
353,Tre Jones,SAS,1782621,PG,23,68,29.2,5.0,0.459,0.7,0.285,4.4,0.506,0.489,2.2,0.86,3.6,6.6,1.3,0.1,1.6,1.4,12.9,16.0,0.534,19.3,3.4,-1.0,0.5
354,Haywood Highsmith,MIA,1752638,PF,26,54,17.9,1.7,0.431,0.7,0.339,1.0,0.523,0.516,0.2,0.464,3.5,0.8,0.7,0.3,0.8,1.5,4.4,8.5,0.517,12.5,0.9,-3.1,-0.3
355,Omer Yurtseven,MIA,1752638,C,24,9,9.2,1.8,0.593,0.3,0.429,1.4,0.65,0.648,0.6,0.833,2.6,0.2,0.2,0.2,0.4,1.8,4.4,16.7,0.675,18.0,0.3,-3.9,0.0
356,Leandro Bolmaro,UTA,1709300,SF,22,14,4.9,0.2,0.15,0.0,0.0,0.2,0.188,0.15,0.0,0.0,0.5,0.5,0.2,0.1,0.5,0.7,0.4,-5.0,0.15,16.6,-0.3,-14.7,-0.2
357,Terry Taylor,CHI/IND,1703902,PF,23,31,8.5,1.3,0.52,0.2,0.263,1.1,0.607,0.553,0.2,0.545,1.5,0.3,0.1,0.2,0.3,0.8,2.9,11.0,0.557,14.2,0.3,-4.1,-0.1
358,Jared Butler,OKC,1674655,PG,22,6,12.8,2.5,0.469,1.2,0.5,1.3,0.444,0.578,0.0,0.0,0.7,1.3,0.8,0.0,0.8,0.8,6.2,13.0,0.578,20.1,0.1,-2.6,0.0
359,Jericho Sims,NYK,1639842,C,24,52,15.6,1.6,0.776,0.0,0.0,1.6,0.783,0.776,0.2,0.75,4.7,0.5,0.3,0.5,0.5,1.8,3.4,13.8,0.78,7.4,2.6,-0.5,0.3
360,Sam Hauser,BOS,1637966,SF,25,80,16.1,2.3,0.455,1.8,0.418,0.5,0.656,0.631,0.2,0.706,2.6,0.9,0.4,0.3,0.4,1.2,6.4,12.7,0.634,14.7,3.4,1.0,1.0
361,Kessler Edwards,BRK/SAC,1637966,SF,22,36,10.7,1.0,0.387,0.5,0.309,0.5,0.5,0.478,0.3,0.733,1.7,0.6,0.4,0.2,0.4,1.1,2.8,8.4,0.502,12.7,0.4,-3.9,-0.2
362,Isaiah Todd,WAS,1575000,PF,21,6,10.2,0.5,0.158,0.2,0.1,0.3,0.222,0.184,0.3,1.0,2.0,0.7,0.2,0.0,0.3,0.7,1.5,-1.0,0.226,15.6,-0.2,-14.2,-0.2
363,Vit Krejci,ATL,1563518,PG,22,29,5.7,0.5,0.405,0.2,0.238,0.3,0.625,0.473,0.0,0.5,0.9,0.6,0.2,0.0,0.2,0.6,1.2,7.7,0.475,10.9,0.1,-3.6,-0.1
364,JT Thor,CHO,1563518,PF,20,69,14.0,1.4,0.399,0.6,0.317,0.8,0.487,0.481,0.5,0.702,2.2,0.5,0.3,0.3,0.6,1.0,3.8,7.0,0.506,13.1,0.2,-4.7,-0.7
365,Marko Simonovic,CHI,1563518,C,23,7,2.9,0.3,0.286,0.1,0.25,0.1,0.333,0.357,0.1,0.5,0.3,0.0,0.0,0.0,0.0,0.7,0.9,-0.1,0.381,17.4,0.0,-14.4,-0.1
366,Ayo Dosunmu,CHI,1563518,SG,23,80,26.2,3.5,0.493,0.7,0.312,2.8,0.583,0.545,0.8,0.805,2.8,2.6,0.8,0.3,1.2,2.3,8.6,10.2,0.567,14.9,2.9,-2.5,-0.2
367,Isaiah Livers,DET,1563518,PF,24,52,23.1,2.3,0.417,1.4,0.365,0.9,0.541,0.545,0.6,0.821,2.8,0.8,0.5,0.5,0.6,2.0,6.7,8.4,0.567,11.9,1.0,-2.4,-0.1
368,Daishen Nix,HOU,1563518,PG,20,57,16.0,1.4,0.342,0.7,0.286,0.7,0.423,0.426,0.4,0.667,1.7,2.3,0.5,0.1,1.5,1.0,4.0,5.3,0.447,15.4,-1.2,-6.5,-1.0
369,Jason Preston,LAC,1563518,PG,23,14,8.9,1.3,0.439,0.4,0.278,0.9,0.565,0.5,0.0,0.0,1.6,1.9,0.1,0.0,0.7,0.5,2.9,10.3,0.489,18.3,0.1,-2.6,0.0
370,Austin Reaves,LAL,1563518,SG,24,64,28.8,4.0,0.529,1.3,0.398,2.7,0.631,0.616,3.6,0.864,3.0,3.4,0.5,0.3,1.5,1.7,13.0,14.9,0.687,16.2,5.4,0.7,1.2
371,Jose Alvarado,NOP,1563518,PG,24,61,21.5,3.3,0.411,1.4,0.336,1.9,0.488,0.496,1.1,0.813,2.3,3.0,1.1,0.2,1.3,2.0,9.0,11.8,0.525,19.8,1.8,-1.2,0.3
372,Miles McBride,NYK,1563518,PG,22,64,11.9,1.2,0.358,0.6,0.299,0.6,0.457,0.451,0.4,0.667,0.8,1.1,0.6,0.1,0.4,0.9,3.5,8.4,0.475,14.6,0.7,-2.3,-0.1
373,Aaron Wiggins,OKC,1563518,SG,24,70,18.5,2.7,0.512,0.7,0.393,2.0,0.573,0.579,0.8,0.831,3.0,1.1,0.6,0.2,0.8,1.6,6.8,12.2,0.607,14.5,2.6,-2.1,0.0
374,Jock Landale,PHO,1563518,C,27,69,14.2,2.6,0.528,0.3,0.25,2.3,0.621,0.559,1.1,0.752,4.1,1.0,0.2,0.4,0.9,1.8,6.6,16.4,0.595,19.3,2.7,-1.1,0.2
375,Trendon Watford,POR,1563518,PF,22,62,19.1,2.9,0.56,0.4,0.391,2.5,0.602,0.599,1.2,0.72,3.8,2.1,0.5,0.2,1.1,1.9,7.4,13.6,0.625,16.1,2.1,-1.8,0.1
376,Dalano Banton,TOR,1563518,PG,23,31,9.0,1.8,0.423,0.5,0.294,1.3,0.506,0.481,0.5,0.708,1.5,1.2,0.4,0.4,0.6,1.1,4.6,14.9,0.505,24.2,0.4,-0.5,0.1
377,Christian Koloko,TOR,1500000,C,22,58,13.8,1.2,0.48,0.0,0.083,1.2,0.514,0.483,0.6,0.627,2.9,0.5,0.4,1.0,0.3,2.2,3.1,11.4,0.517,10.4,1.7,-3.5,-0.3
378,Bryce McGowens,CHO,1461055,SG,20,46,17.1,1.7,0.396,0.6,0.325,1.2,0.443,0.46,1.3,0.75,2.0,1.2,0.3,0.1,0.9,1.0,5.3,7.2,0.519,15.0,0.1,-6.0,-0.8
379,Jordan Goodwin,WAS,1280206,PG,24,62,17.8,2.5,0.448,0.6,0.322,1.9,0.511,0.501,0.9,0.768,3.3,2.7,0.9,0.4,0.9,1.5,6.6,14.8,0.531,17.3,2.2,0.7,0.8
380,Kennedy Chandler,MEM,1200000,PG,20,36,7.8,1.0,0.422,0.1,0.133,0.9,0.485,0.434,0.2,0.462,1.1,1.6,0.3,0.1,0.5,0.4,2.2,10.6,0.44,15.8,0.3,-2.7,0.0
381,Noah Vonleh,BOS,1160955,C,27,23,7.4,0.5,0.458,0.0,0.25,0.4,0.5,0.479,0.1,1.0,2.1,0.3,0.1,0.3,0.5,1.5,1.1,5.9,0.502,9.2,0.2,-6.3,-0.2
382,Sandro Mamukelashvili,SAS/MIL,1116112,C,23,43,15.3,2.3,0.422,0.7,0.303,1.6,0.511,0.487,0.9,0.684,4.3,1.4,0.3,0.3,0.8,1.2,6.1,13.4,0.516,18.2,0.9,-2.4,-0.1
383,Sam Merrill,CLE,1105522,SG,26,5,11.8,1.8,0.409,1.0,0.278,0.8,1.0,0.523,0.4,1.0,1.8,1.0,0.8,0.0,0.0,0.6,5.0,15.5,0.546,17.3,0.2,1.2,0.0
384,Tyrese Martin,ATL,1017781,SG,23,16,4.1,0.6,0.391,0.1,0.143,0.5,0.5,0.413,0.1,1.0,0.8,0.1,0.1,0.0,0.1,0.1,1.3,7.7,0.44,16.5,0.0,-7.4,-0.1
385,Jaden Hardy,DAL,1017781,SG,20,48,14.8,3.0,0.438,1.3,0.404,1.7,0.469,0.533,1.4,0.823,1.9,1.4,0.4,0.1,1.0,1.3,8.8,14.6,0.571,26.4,0.7,-2.3,0.0
386,Ryan Rollins,GSW,1017781,PG,20,12,5.2,0.6,0.35,0.3,0.333,0.3,0.364,0.425,0.5,1.0,1.0,0.5,0.1,0.1,1.3,0.8,1.9,-1.4,0.508,26.1,-0.3,-15.0,-0.2
387,Max Christie,LAL,1017781,SG,19,41,12.5,1.1,0.415,0.6,0.419,0.4,0.409,0.538,0.3,0.875,1.8,0.5,0.2,0.2,0.3,0.8,3.1,7.4,0.566,10.4,0.6,-3.1,-0.1
388,Josh Minott,MIN,1017781,SF,20,15,6.4,1.2,0.5,0.1,0.333,1.1,0.533,0.528,0.5,1.0,1.7,0.3,0.3,0.4,0.2,0.7,3.1,17.9,0.582,18.9,0.3,-1.6,0.0
389,Jabari Walker,POR,1017781,SF,20,56,11.1,1.5,0.419,0.3,0.286,1.2,0.472,0.46,0.6,0.756,2.3,0.6,0.2,0.2,0.5,1.2,3.9,9.6,0.496,17.3,0.2,-6.1,-0.6
390,Eugene Omoruyi,DET/OKC,1013119,SF,25,40,16.1,2.5,0.443,0.6,0.281,1.9,0.547,0.498,1.3,0.68,2.8,0.7,0.7,0.1,0.9,2.3,7.0,10.9,0.533,19.3,0.6,-4.4,-0.4
391,Kris Dunn,UTA,1000001,PG,28,22,25.8,5.3,0.537,0.8,0.472,4.5,0.55,0.576,1.9,0.774,4.5,5.6,1.1,0.5,1.6,2.6,13.2,19.1,0.606,20.2,1.9,2.4,0.6
392,Admiral Schofield,ORL,877940,PF,25,37,12.2,1.5,0.451,0.6,0.324,0.8,0.646,0.549,0.6,0.913,1.7,0.8,0.2,0.1,0.4,1.6,4.2,10.1,0.587,14.1,0.8,-2.9,-0.1
393,Justin Champagnie,BOS/TOR,853241,SF,21,5,6.8,1.0,0.333,0.2,0.2,0.8,0.4,0.367,0.0,0.0,1.6,0.8,0.2,0.0,0.0,0.4,2.2,10.3,0.367,19.2,0.0,-7.9,-0.1
394,Trevelin Queen,IND,838891,SG,25,7,10.0,1.0,0.241,0.3,0.133,0.7,0.357,0.276,0.7,1.0,2.4,0.9,0.3,0.7,1.0,0.6,3.0,6.0,0.337,22.9,-0.2,-7.2,-0.1
395,Moses Brown,BRK/LAC,824041,C,23,36,8.2,1.7,0.635,0.0,0.0,1.7,0.635,0.635,0.9,0.458,3.9,0.1,0.1,0.4,0.4,1.1,4.3,22.2,0.607,21.2,1.1,-0.6,0.1
396,Matt Ryan,LAL/MIN,806097,SF,25,34,9.1,1.2,0.37,0.9,0.381,0.2,0.333,0.519,0.3,0.833,0.8,0.5,0.1,0.0,0.2,0.8,3.6,8.1,0.538,16.5,0.3,-3.4,-0.1
397,PJ Dozier,SAC,784654,SF,26,16,4.9,0.6,0.303,0.1,0.125,0.5,0.471,0.333,0.0,0.0,0.9,0.6,0.4,0.1,0.3,0.4,1.4,5.2,0.333,20.6,-0.2,-7.8,-0.1
398,Cody Zeller,MIA,743922,C,30,15,14.5,2.5,0.627,0.0,0.0,2.5,0.649,0.627,1.6,0.686,4.3,0.7,0.2,0.3,0.9,2.2,6.5,16.4,0.659,18.1,0.7,-2.8,0.0
399,Meyers Leonard,MIL,713558,C,30,9,12.7,1.6,0.483,0.8,0.389,0.8,0.636,0.603,0.9,0.889,3.8,0.1,0.2,0.0,0.7,1.8,4.8,12.0,0.652,14.4,0.3,-5.0,-0.1
400,Anthony Lamb,GSW,694878,SF,25,62,19.3,2.4,0.471,1.2,0.367,1.2,0.652,0.588,0.7,0.767,3.5,1.5,0.5,0.3,0.9,2.2,6.7,10.9,0.61,13.8,2.4,-1.1,0.3
401,Michael Carter-Williams,ORL,652829,PG,31,4,11.0,1.5,0.429,0.3,0.333,1.3,0.455,0.464,1.0,0.571,1.3,1.8,0.3,0.3,1.0,1.3,4.3,9.0,0.498,20.6,0.0,-6.3,0.0
402,Carlik Jones,CHI,612162,PG,25,7,8.0,0.9,0.4,0.4,0.5,0.4,0.333,0.5,0.7,0.625,0.7,0.9,0.3,0.0,0.3,0.3,2.9,11.1,0.54,16.2,0.1,-2.5,0.0
403,Trevor Keels,NYK,520589,SG,19,3,2.7,0.3,0.25,0.3,0.25,0.0,0.0,0.375,0.0,0.0,0.7,0.0,0.0,0.0,0.0,0.0,1.0,3.7,0.375,21.4,0.0,-13.0,0.0
404,Dereon Seabron,NOP,511816,SG,22,5,2.4,0.4,0.4,0.0,0.0,0.4,0.4,0.4,0.0,0.0,0.2,0.0,0.0,0.0,0.0,0.2,0.8,4.6,0.4,17.9,0.0,-11.3,0.0
405,Trent Forrest,ATL,508891,SG,24,23,12.0,1.1,0.417,0.0,0.0,1.1,0.431,0.417,0.1,0.667,1.6,1.7,0.3,0.1,0.7,0.7,2.3,6.1,0.424,11.6,-0.1,-5.1,-0.2
406,Mfiondu Kabengele,BOS,508891,PF,25,4,9.0,0.5,0.286,0.0,0.0,0.5,0.5,0.286,0.5,1.0,2.5,0.0,0.5,0.0,0.3,0.8,1.5,8.1,0.381,10.8,0.1,-8.9,-0.1
407,JD Davison,BOS,508891,SG,20,12,5.5,0.7,0.421,0.2,0.286,0.5,0.5,0.474,0.1,0.5,0.8,0.9,0.2,0.2,0.3,0.4,1.6,10.1,0.478,15.8,0.1,-4.2,0.0
408,Malcolm Hill,CHI,508891,SF,27,5,1.8,0.4,0.5,0.2,0.333,0.2,1.0,0.625,0.0,0.0,0.6,0.0,0.0,0.0,0.0,0.2,1.0,15.4,0.625,19.7,0.0,2.4,0.0
409,Mamadi Diakite,CLE,508891,C,26,22,8.0,1.1,0.48,0.3,0.333,0.8,0.586,0.55,0.1,1.0,1.4,0.4,0.2,0.4,0.5,1.2,2.6,9.0,0.56,16.0,0.2,-3.4,-0.1
410,Isaiah Mobley,CLE,508891,PF,23,12,7.0,1.0,0.429,0.3,0.375,0.8,0.45,0.482,0.3,1.0,1.7,0.3,0.3,0.3,0.1,0.7,2.6,14.1,0.521,16.4,0.2,-1.4,0.0
411,Jack White,DEN,508891,SF,25,17,3.9,0.5,0.421,0.2,0.333,0.3,0.5,0.5,0.1,0.667,1.0,0.2,0.2,0.1,0.1,0.5,1.2,12.6,0.517,14.7,0.1,-1.9,0.0
412,Buddy Boeheim,DET,508891,SF,23,10,9.0,0.5,0.185,0.4,0.16,0.1,0.5,0.259,0.2,1.0,0.6,0.4,0.2,0.0,0.0,0.6,1.6,0.5,0.287,13.2,-0.2,-9.5,-0.2
413,Darius Days,HOU,508891,SF,23,4,6.3,1.3,0.417,0.8,0.3,0.5,1.0,0.542,0.5,1.0,1.5,0.3,0.0,0.3,0.0,0.5,3.8,18.3,0.582,21.4,0.1,3.5,0.0
414,Trevor Hudgins,HOU,508891,PG,23,5,5.6,0.4,0.222,0.4,0.25,0.0,0.0,0.333,0.6,1.0,0.0,0.6,0.0,0.0,0.2,0.2,1.8,4.2,0.436,16.8,0.0,-8.4,0.0
415,Kendall Brown,IND,508891,SG,19,6,6.7,0.7,0.571,0.0,0.0,0.7,0.667,0.571,0.2,0.5,1.0,0.5,0.7,0.0,0.3,1.5,1.5,9.1,0.571,10.4,0.1,-2.9,0.0
416,Cole Swider,LAL,508891,SF,23,7,5.9,0.4,0.333,0.4,0.375,0.0,0.0,0.5,0.0,0.0,1.0,0.6,0.0,0.0,0.0,0.4,1.3,7.4,0.5,9.3,0.1,-3.4,0.0
417,Jamal Cain,MIA,508891,PF,23,18,13.3,2.1,0.561,0.4,0.35,1.7,0.652,0.614,0.9,0.773,2.9,0.7,0.6,0.1,0.3,1.2,5.4,16.5,0.647,15.1,0.8,0.8,0.2
418,Luka Garza,MIN,508891,C,24,28,8.7,2.3,0.543,0.5,0.359,1.8,0.636,0.603,1.5,0.788,2.3,0.6,0.1,0.1,0.5,1.5,6.5,23.0,0.652,26.9,1.1,-0.4,0.1
419,Kevon Harris,ORL,508891,SG,25,34,13.4,1.4,0.439,0.5,0.372,0.9,0.484,0.514,0.9,0.756,2.1,0.5,0.5,0.1,0.6,1.6,4.1,9.2,0.564,13.7,0.6,-3.6,-0.2
420,Keon Ellis,SAC,508891,SG,23,16,4.4,0.4,0.438,0.4,0.5,0.1,0.25,0.625,0.3,0.571,0.5,0.4,0.3,0.1,0.1,0.6,1.5,14.0,0.629,12.1,0.2,1.3,0.1
421,Neemias Queta,SAC,508891,C,23,5,5.8,1.2,0.667,0.0,0.0,1.2,0.667,0.667,0.0,0.0,2.2,0.2,0.0,0.4,0.2,1.4,2.4,17.0,0.607,16.1,0.1,-3.4,0.0
422,Dominick Barlow,SAS,508891,PF,19,28,14.6,1.6,0.535,0.0,0.0,1.6,0.561,0.535,0.6,0.72,3.6,0.9,0.4,0.7,0.5,2.0,3.9,12.4,0.567,11.3,0.7,-4.6,-0.3
423,Julian Champagnie,SAS/PHI,508891,SF,21,17,18.8,3.5,0.454,1.9,0.402,1.5,0.542,0.581,0.8,0.824,3.5,0.6,0.4,0.3,0.6,1.5,9.7,13.4,0.6,19.2,0.4,-3.3,-0.1
424,Jeff Dowtin,TOR,508891,PG,25,25,10.4,1.0,0.439,0.2,0.313,0.8,0.488,0.482,0.2,0.667,0.9,1.2,0.4,0.1,0.2,0.5,2.4,9.9,0.5,10.9,0.4,-1.9,0.0
425,Micah Potter,UTA,508891,PF,24,7,7.4,1.4,0.667,0.6,0.571,0.9,0.75,0.8,0.0,0.0,2.3,0.6,0.1,0.0,0.3,0.7,3.4,18.6,0.8,13.7,0.2,3.5,0.1
426,Johnny Juzang,UTA,508891,SG,21,18,12.9,1.9,0.337,0.8,0.238,1.1,0.488,0.409,0.1,0.5,2.2,0.4,0.2,0.2,0.2,0.7,4.8,6.5,0.411,19.6,-0.2,-6.5,-0.3
427,John Butler,POR,503041,C,20,19,11.6,0.9,0.321,0.4,0.229,0.5,0.5,0.396,0.2,0.75,0.9,0.6,0.4,0.5,0.1,1.2,2.4,5.7,0.411,11.0,0.0,-6.2,-0.2
428,Chima Moneke,SAC,500000,SF,27,2,4.0,0.5,0.5,0.0,0.0,0.5,0.5,0.5,0.0,0.0,1.0,0.5,0.0,0.0,1.0,1.0,1.0,-3.5,0.347,26.2,0.0,-20.7,0.0
429,Facundo Campazzo,DAL,464299,PG,31,8,6.5,0.4,0.231,0.4,0.273,0.0,0.0,0.346,0.1,0.5,0.3,1.1,0.8,0.0,0.4,0.4,1.3,7.8,0.36,14.7,0.0,-1.2,0.0
430,Orlando Robinson,MIA,386055,C,22,31,13.7,1.5,0.528,0.0,0.0,1.5,0.566,0.528,0.7,0.71,4.1,0.8,0.4,0.4,0.5,1.7,3.7,13.4,0.565,12.4,1.1,-2.1,0.0
431,Dru Smith,BRK/MIA,374357,SG,25,15,10.5,1.2,0.4,0.3,0.263,0.9,0.5,0.456,0.2,1.0,1.6,1.5,0.7,0.3,0.2,1.5,2.9,11.4,0.475,13.8,0.3,-0.9,0.0
432,Jared Rhoden,DET,307089,SG,23,14,14.1,1.2,0.386,0.4,0.25,0.9,0.5,0.443,0.4,1.0,2.6,0.3,0.3,0.1,0.2,1.6,3.2,6.5,0.482,10.7,0.1,-6.1,-0.2
433,Louis King,PHI,307089,PF,23,1,29.0,8.0,0.615,4.0,0.5,4.0,0.8,0.769,0.0,0.0,4.0,2.0,1.0,0.0,2.0,4.0,20.0,21.3,0.744,23.8,0.1,2.3,0.0
434,Jarrett Culver,ATL,260295,SF,23,10,13.7,1.7,0.395,0.1,0.083,1.6,0.516,0.407,0.9,0.692,3.8,0.6,0.6,0.2,0.7,1.4,4.4,9.5,0.452,17.1,0.0,-4.2,-0.1
435,Olivier Sarr,OKC,257371,C,23,9,12.7,1.7,0.5,0.1,0.125,1.6,0.636,0.517,0.6,0.714,3.4,0.4,0.1,0.6,0.4,1.9,4.0,11.5,0.544,13.6,0.2,-4.9,-0.1
436,Alondes Williams,BRK,254446,SG,23,1,5.0,0.0,0.0,0.0,0.0,0.0,0.0,0.0,0.0,0.0,1.0,0.0,0.0,0.0,2.0,1.0,0.0,-20.9,0.0,17.7,-0.1,-26.5,0.0
437,Donovan Williams,ATL,239822,SG,21,2,2.0,1.0,0.4,0.0,0.0,1.0,0.667,0.4,0.0,0.0,1.0,0.0,0.0,0.0,0.0,0.0,2.0,14.5,0.4,52.5,0.0,-15.2,0.0
438,Quenton Jackson,WAS,219630,PG,24,9,15.0,2.1,0.452,0.1,0.083,2.0,0.6,0.464,1.9,0.773,0.9,1.7,0.4,0.1,0.4,1.1,6.2,12.2,0.542,17.9,0.2,-5.1,-0.1
439,Chris Silva,DAL,211045,PF,26,1,3.0,1.0,1.0,0.0,0.0,1.0,1.0,1.0,0.0,0.0,0.0,0.0,0.0,0.0,1.0,2.0,2.0,-2.2,1.0,30.1,0.0,-22.6,0.0
440,Tyler Dorsey,DAL,201802,SF,26,3,2.7,1.3,0.8,0.3,0.5,1.0,1.0,0.9,0.0,0.0,0.7,0.0,0.0,0.0,0.0,0.0,3.0,45.5,0.9,28.3,0.1,17.8,0.0
441,Braxton Key,DET,201802,SF,25,3,3.0,0.3,1.0,0.0,0.0,0.3,1.0,1.0,0.7,1.0,0.3,0.0,0.0,0.0,0.0,0.0,1.3,18.6,1.064,8.9,0.0,2.9,0.0
442,Jordan Hall,SAS,193027,SF,21,9,9.2,1.0,0.321,0.3,0.2,0.7,0.462,0.375,0.8,0.778,1.3,1.2,0.1,0.0,0.8,0.7,3.1,5.5,0.438,19.4,-0.1,-7.6,-0.1
443,Alize Johnson,SAS,192293,PF,26,4,7.5,0.8,0.5,0.0,0.0,0.8,0.75,0.5,0.3,0.5,2.5,0.3,0.3,0.0,1.0,0.8,1.8,4.3,0.509,15.0,-0.1,-9.1,-0.1
444,Devon Dotson,WAS,169630,PG,23,6,8.8,0.2,0.1,0.2,0.25,0.0,0.0,0.15,0.0,0.0,1.7,1.3,0.8,0.0,0.5,1.5,0.5,4.8,0.15,10.7,0.0,-5.3,0.0
445,Mac McClung,PHI,160856,SG,24,2,20.5,4.5,0.45,2.0,0.364,2.5,0.556,0.55,1.5,0.6,5.0,4.5,0.0,0.0,1.5,1.5,12.5,19.2,0.563,27.5,0.1,0.5,0.0
446,Xavier Cooks,WAS,140384,PF,27,10,12.6,1.7,0.607,0.0,0.0,1.7,0.63,0.607,0.4,0.4,3.8,0.6,0.6,0.4,0.8,1.3,3.8,14.3,0.586,13.9,0.2,-3.6,-0.1
447,Shaquille Harrison,POR,134862,SG,29,5,24.0,3.0,0.417,0.6,0.3,2.4,0.462,0.458,2.2,0.733,4.4,6.0,2.2,0.4,1.2,2.4,8.8,17.9,0.516,17.6,0.3,0.1,0.1
448,Lester Quinones,GSW,129405,SG,22,4,4.5,0.5,0.4,0.5,0.5,0.0,0.0,0.6,1.0,0.667,0.8,0.5,0.3,0.0,1.3,0.0,2.5,8.6,0.654,29.4,0.0,-10.2,0.0
449,Xavier Moon,LAC,116986,SG,28,4,5.0,0.8,0.333,0.3,0.333,0.5,0.333,0.389,0.0,0.0,0.8,1.3,0.0,0.0,0.3,0.5,1.8,7.2,0.389,21.8,0.0,-5.1,0.0
450,Jamaree Bouyea,MIA/WAS,116986,PG,23,5,14.2,1.2,0.429,0.4,0.333,0.8,0.5,0.5,0.2,0.5,1.2,0.8,0.8,0.4,0.8,1.2,3.0,6.5,0.504,11.8,0.0,-4.2,0.0
451,Jay Huff,WAS,116986,C,24,7,13.6,2.1,0.6,0.9,0.5,1.3,0.692,0.72,2.1,0.938,3.0,1.4,0.4,0.6,0.7,2.1,7.3,22.3,0.796,16.9,0.5,4.0,0.1
452,Skylar Mays,POR,116574,PG,25,6,31.5,5.7,0.5,2.0,0.462,3.7,0.524,0.588,2.0,0.923,3.2,8.3,1.0,0.2,1.7,1.8,15.3,19.4,0.624,19.3,0.7,0.0,0.1
453,Frank Jackson,UTA,113114,PG,24,1,5.0,0.0,0.0,0.0,0.0,0.0,0.0,0.0,0.0,0.0,2.0,1.0,0.0,0.0,0.0,0.0,0.0,-6.8,0.0,25.1,0.0,-22.2,0.0
454,Deonte Burton,SAC,105522,PF,29,2,3.0,0.0,0.0,0.0,0.0,0.0,0.0,0.0,0.0,0.0,0.0,0.0,0.0,0.0,0.0,0.0,0.0,-12.6,0.0,14.3,0.0,-24.2,0.0
455,Jarrell Brantley,UTA,105522,PF,26,4,9.8,2.0,0.571,1.0,0.444,1.0,0.8,0.714,0.5,1.0,1.5,0.8,0.0,0.5,0.5,0.8,5.5,18.5,0.739,18.1,0.1,3.5,0.1
456,Xavier Sneed,CHO,102910,SF,25,4,12.0,1.3,0.5,0.8,0.5,0.5,0.5,0.65,1.0,1.0,1.3,1.3,0.0,0.3,0.8,1.8,4.3,9.5,0.723,12.9,0.1,-3.6,0.0
457,Lindell Wigginton,MIL,99438,PG,24,7,12.4,2.6,0.486,0.9,0.333,1.7,0.632,0.568,1.1,0.889,1.0,2.0,0.0,0.3,1.7,1.0,7.1,11.8,0.61,25.6,0.1,-6.7,-0.1
458,Jordan Schakel,WAS,96514,SF,24,2,3.0,0.5,0.5,0.5,1.0,0.0,0.0,0.75,0.0,0.0,0.0,0.5,0.5,0.0,0.0,0.5,1.5,24.3,0.75,14.5,0.0,17.0,0.0
459,Stanley Umude,DET,58493,SG,23,1,2.0,0.0,0.0,0.0,0.0,0.0,0.0,0.0,2.0,1.0,0.0,0.0,1.0,1.0,0.0,0.0,2.0,65.6,0.532,40.0,0.0,48.6,0.0
460,Jeenathan Williams,POR,52644,SG,23,5,25.4,4.8,0.615,0.6,0.375,4.2,0.677,0.654,0.4,0.667,3.0,2.0,0.6,0.4,0.8,2.6,10.6,15.5,0.657,15.2,0.3,-3.0,0.0
461,Jay Scrubb,ORL,49719,SG,22,2,15.0,2.5,0.714,1.0,1.0,1.5,0.6,0.857,0.5,0.5,3.0,0.5,1.0,0.0,1.5,1.0,6.5,14.2,0.825,15.6,0.1,-1.9,0.0
462,Justin Minaya,POR,35096,SF,23,4,22.3,1.8,0.304,0.8,0.25,1.0,0.364,0.37,0.0,0.0,3.8,1.0,0.5,1.3,1.0,2.3,4.3,4.0,0.363,13.4,-0.1,-9.0,-0.2
463,Kobi Simmons,CHO,32795,SG,25,5,5.6,0.2,0.167,0.2,0.2,0.0,0.0,0.25,0.4,1.0,0.8,1.0,0.0,0.4,0.2,0.0,1.0,9.0,0.363,11.8,0.0,-0.9,0.0
464,Gabe York,IND,32171,SG,29,3,18.7,2.7,0.381,2.0,0.333,0.7,0.667,0.524,0.7,1.0,2.0,1.7,0.7,0.0,0.0,1.7,8.0,11.8,0.548,16.4,0.1,-3.5,0.0
465,RaiQuan Gray,BRK,5849,PF,23,1,35.0,6.0,0.5,2.0,0.4,4.0,0.571,0.583,2.0,1.0,9.0,7.0,0.0,1.0,4.0,5.0,16.0,15.5,0.621,21.4,0.1,-2.0,0.0
466,Jacob Gilyard,MEM,5849,PG,24,1,41.0,1.0,0.333,1.0,0.333,0.0,0.0,0.5,0.0,0.0,4.0,7.0,3.0,0.0,2.0,3.0,3.0,7.3,0.5,5.1,0.1,-6.1,0.0
